candidate_id,resname,system,completed_100ps,NaN_detected,temperature_mean,temperature_min,temperature_max,temperature_final,potential_energy_final,ligand_rmsd_mean,ligand_rmsd_final,ligand_rmsd_max,near_chains_all_2,severe_clash_ever,close_clash_ever,TYR13_occ_lt4A,TYR13_occ_lt5A,TYR13_occ_lt6A,VAL17_occ_lt4A,VAL17_occ_lt5A,VAL17_occ_lt6A,SER20_occ_lt4A,SER20_occ_lt5A,SER20_occ_lt6A,TYR13_mean_distance,VAL17_mean_distance,SER20_mean_distance,key_min_distance_mean,key_min_occ_lt5A,contact_mode_label,system_level_interpretation
14.2,L002,20chol,True,False,310.414,306.937,313.268,310.952,-453165.0,0.833331,1.19815,1.52269,True,False,False,0.0,0.0,0.02,0.68,1.0,1.0,0.44,0.98,1.0,6.87328,3.86602,4.10325,3.74823,1.0,VAL17_SER20_dominant,Interface retained with VAL17/SER20-dominant contact pattern.
14.2,L002,40chol,True,False,310.457,307.013,314.195,311.505,-447460.0,1.68343,1.55302,3.00028,True,False,False,0.762376,0.960396,1.0,0.0,0.0,0.0,0.0,0.0,0.0,3.80623,8.25231,8.12394,3.80623,0.960396,TYR13_shifted,Interface retained but shifted toward TYR13 with weaker VAL17/SER20 support.
19.1,L003,20chol,True,False,310.223,307.396,313.033,312.407,-456383.0,1.69193,1.88172,2.48709,True,False,False,0.73,1.0,1.0,0.7,1.0,1.0,0.94,1.0,1.0,3.87721,3.81703,3.64137,3.51387,1.0,balanced_three_residue_contact,Balanced three-residue key-contact retained.
19.1,L003,40chol,True,False,310.107,307.428,313.78,311.199,-447778.0,1.41747,1.55146,2.44408,True,False,False,0.55,0.97,1.0,0.58,0.99,1.0,0.91,1.0,1.0,4.02567,3.94914,3.65769,3.58712,1.0,balanced_three_residue_contact,Balanced three-residue key-contact retained.
2.3,L006,20chol,True,False,310.34050999999994,307.158,314.423,310.976,-457109.896159,1.43949479,1.2911,2.20578,True,False,False,0.85,1.0,1.0,0.41,1.0,1.0,0.02,0.16,0.55,3.724369,4.087974099999999,5.801768800000001,3.6964649999999994,1.0,TYR13_shifted,Interface retained but shifted toward TYR13 with weaker VAL17/SER20 support.
2.3,L006,40chol,True,False,310.54994000000005,307.393,313.232,313.032,-449638.141732,1.7098543000000004,1.59628,2.27603,True,False,False,0.95,1.0,1.0,0.19,0.69,0.92,0.0,0.01,0.22,3.5798740999999996,4.722806,6.4826760000000005,3.5664768,1.0,TYR13_shifted,Interface retained but shifted toward TYR13 with weaker VAL17/SER20 support.
6.2,L008,20chol,True,False,310.34432,307.972,313.095,309.611,-455392.786177,1.42300816,1.54022,2.27282,True,False,False,0.64,0.99,1.0,0.04,0.65,0.98,0.79,1.0,1.0,3.8842867,4.845243499999999,3.7524659,3.6037692999999997,1.0,weak_or_mixed_contact,"Interface retained, but key-residue contact is mixed or partially weakened."
6.2,L008,40chol,True,False,310.43037,307.357,314.443,308.83,-447549.047191,1.20046058,0.982462,1.92747,True,False,False,0.99,1.0,1.0,0.0,0.0,0.29,0.0,0.0,0.17,3.5611776999999996,6.251615,6.4702269999999995,3.5611776999999996,1.0,TYR13_shifted,Interface retained but shifted toward TYR13 with weaker VAL17/SER20 support.
17.2,L010,20chol,True,False,310.14083,307.219,313.529,308.375,-456596.755668,1.0249364399999998,0.75166,2.13821,True,False,False,0.44,0.99,1.0,0.67,1.0,1.0,0.84,1.0,1.0,4.0864544,3.8705160999999997,3.7350106000000007,3.6099238999999996,1.0,balanced_three_residue_contact,Balanced three-residue key-contact retained.
17.2,L010,40chol,True,False,310.4169900000001,308.192,313.012,309.123,-449384.705159,1.06326559,0.963409,2.13564,True,False,False,0.89,1.0,1.0,0.36,0.98,1.0,0.27,0.63,0.93,3.6889226999999982,4.1616792,4.666245499999999,3.6277071999999966,1.0,weak_or_mixed_contact,"Interface retained, but key-residue contact is mixed or partially weakened."
