distance_A,target_index,target_atom,target_resid,other_index,other_atom,other_resname,other_segid,other_resid,other_category,other_is_ligand
1.51251,237,N,437,235,C,VAL,PROA,436,protein,0
1.72111,254,HN,438,312,HA,VAL,PROA,442,protein,0
1.73289,238,HN,437,13150,H5X,POPC,MEMB,102,lipid,0
1.79813,254,HN,438,322,HG23,VAL,PROA,442,protein,0
1.80679,240,HA,437,11770,H7S,POPC,MEMB,91,lipid,0
1.82409,250,HG23,437,299,HN,SER,PROA,441,protein,0
1.83787,267,C,438,269,N,ILE,PROA,439,protein,0
1.86593,256,HA,438,385,HB2,LEU,PROA,447,protein,0
1.88736,248,HG21,437,12645,H15Y,POPC,MEMB,98,lipid,0
1.91199,246,HG13,437,11767,H6S,POPC,MEMB,91,lipid,0
1.92544,242,HB,437,13153,H6X,POPC,MEMB,102,lipid,0
1.92555,254,HN,438,11762,C25,POPC,MEMB,91,lipid,0
1.95559,265,HG22,438,322,HG23,VAL,PROA,442,protein,0
1.96758,242,HB,437,13150,H5X,POPC,MEMB,102,lipid,0
1.97134,239,CA,437,11763,H5R,POPC,MEMB,91,lipid,0
1.97486,242,HB,437,13119,H11R,POPC,MEMB,102,lipid,0
1.98526,260,HG11,438,390,HD12,LEU,PROA,447,protein,0
1.98809,244,HG11,437,11770,H7S,POPC,MEMB,91,lipid,0
1.99221,244,HG11,437,11769,H7R,POPC,MEMB,91,lipid,0
1.99734,261,HG12,438,338,HG23,VAL,PROA,443,protein,0
2.00703,258,HB,438,333,HG12,VAL,PROA,443,protein,0
2.0144,240,HA,437,13119,H11R,POPC,MEMB,102,lipid,0
2.02755,268,O,438,11840,H15X,POPC,MEMB,91,lipid,0
2.04659,238,HN,437,235,C,VAL,PROA,436,protein,0
2.0839,248,HG21,437,13151,H5Y,POPC,MEMB,102,lipid,0
2.09829,265,HG22,438,391,HD13,LEU,PROA,447,protein,0
2.10123,266,HG23,438,390,HD12,LEU,PROA,447,protein,0
2.11218,264,HG21,438,332,HG11,VAL,PROA,443,protein,0
2.13252,242,HB,437,11770,H7S,POPC,MEMB,91,lipid,0
2.13546,256,HA,438,323,C,VAL,PROA,442,protein,0
2.15418,267,C,438,387,HG,LEU,PROA,447,protein,0
2.15748,252,O,437,11762,C25,POPC,MEMB,91,lipid,0
2.17654,254,HN,438,320,HG21,VAL,PROA,442,protein,0
2.18502,258,HB,438,338,HG23,VAL,PROA,443,protein,0
2.1896,264,HG21,438,333,HG12,VAL,PROA,443,protein,0
2.1909,267,C,438,384,HB1,LEU,PROA,447,protein,0
2.19338,238,HN,437,13117,H101,POPC,MEMB,102,lipid,0
2.19517,253,N,438,312,HA,VAL,PROA,442,protein,0
2.19617,253,N,438,385,HB2,LEU,PROA,447,protein,0
2.20714,254,HN,438,319,CG2,VAL,PROA,442,protein,0
2.21012,266,HG23,438,391,HD13,LEU,PROA,447,protein,0
2.21339,252,O,437,11766,H6R,POPC,MEMB,91,lipid,0
2.22741,256,HA,438,324,O,VAL,PROA,442,protein,0
2.23084,241,CB,437,11770,H7S,POPC,MEMB,91,lipid,0
2.23706,254,HN,438,11766,H6R,POPC,MEMB,91,lipid,0
2.24229,249,HG22,437,13151,H5Y,POPC,MEMB,102,lipid,0
2.24505,255,CA,438,385,HB2,LEU,PROA,447,protein,0
2.24757,251,C,437,11763,H5R,POPC,MEMB,91,lipid,0
2.25527,265,HG22,438,974,HG21,VAL,PROB,437,protein,0
2.25835,263,CG2,438,391,HD13,LEU,PROA,447,protein,0
2.26325,237,N,437,13150,H5X,POPC,MEMB,102,lipid,0
2.26335,265,HG22,438,333,HG12,VAL,PROA,443,protein,0
2.26553,240,HA,437,286,C,ILE,PROA,439,protein,0
2.2695,267,C,438,386,CG,LEU,PROA,447,protein,0
2.27208,249,HG22,437,236,O,VAL,PROA,436,protein,0
2.27784,252,O,437,385,HB2,LEU,PROA,447,protein,0
2.28141,240,HA,437,272,HA,ILE,PROA,439,protein,0
2.28433,239,CA,437,11770,H7S,POPC,MEMB,91,lipid,0
2.28946,241,CB,437,11767,H6S,POPC,MEMB,91,lipid,0
2.29285,255,CA,438,386,CG,LEU,PROA,447,protein,0
2.29657,253,N,438,386,CG,LEU,PROA,447,protein,0
2.30439,253,N,438,391,HD13,LEU,PROA,447,protein,0
2.31428,243,CG1,437,11767,H6S,POPC,MEMB,91,lipid,0
2.31983,253,N,438,322,HG23,VAL,PROA,442,protein,0
2.32555,268,O,438,11845,H16Z,POPC,MEMB,91,lipid,0
2.32686,251,C,437,386,CG,LEU,PROA,447,protein,0
2.32846,262,HG13,438,336,HG21,VAL,PROA,443,protein,0
2.33438,249,HG22,437,27810,H2,TIP3,TIP3,2731,water/ion,0
2.33495,239,CA,437,288,N,ALA,PROA,440,protein,0
2.33552,251,C,437,11762,C25,POPC,MEMB,91,lipid,0
2.33707,240,HA,437,11768,C27,POPC,MEMB,91,lipid,0
2.34113,251,C,437,11765,C26,POPC,MEMB,91,lipid,0
2.34523,268,O,438,11832,H12Y,POPC,MEMB,91,lipid,0
2.34813,252,O,437,312,HA,VAL,PROA,442,protein,0
2.35676,268,O,438,11838,H14Y,POPC,MEMB,91,lipid,0
2.35785,239,CA,437,11765,C26,POPC,MEMB,91,lipid,0
2.36169,264,HG21,438,968,HB,VAL,PROB,437,protein,0
2.3632,255,CA,438,391,HD13,LEU,PROA,447,protein,0
2.36459,252,O,437,386,CG,LEU,PROA,447,protein,0
2.37219,262,HG13,438,338,HG23,VAL,PROA,443,protein,0
2.38475,267,C,438,270,HN,ILE,PROA,439,protein,0
2.3852,260,HG11,438,11832,H12Y,POPC,MEMB,91,lipid,0
2.39218,237,N,437,236,O,VAL,PROA,436,protein,0
2.39642,248,HG21,437,13154,H6Y,POPC,MEMB,102,lipid,0
2.39811,254,HN,438,11764,H5S,POPC,MEMB,91,lipid,0
2.40041,267,C,438,11831,H12X,POPC,MEMB,91,lipid,0
2.40591,252,O,437,11760,H4R,POPC,MEMB,91,lipid,0
2.40733,253,N,438,11760,H4R,POPC,MEMB,91,lipid,0
2.40789,237,N,437,288,N,ALA,PROA,440,protein,0
2.41097,251,C,437,286,C,ILE,PROA,439,protein,0
2.41649,267,C,438,383,CB,LEU,PROA,447,protein,0
2.41761,263,CG2,438,333,HG12,VAL,PROA,443,protein,0
2.41958,243,CG1,437,11770,H7S,POPC,MEMB,91,lipid,0
2.42074,244,HG11,437,11768,C27,POPC,MEMB,91,lipid,0
2.42475,259,CG1,438,338,HG23,VAL,PROA,443,protein,0
2.44181,256,HA,438,383,CB,LEU,PROA,447,protein,0
2.4434,267,C,438,11840,H15X,POPC,MEMB,91,lipid,0
2.44721,268,O,438,11831,H12X,POPC,MEMB,91,lipid,0
2.4488,245,HG12,437,13154,H6Y,POPC,MEMB,102,lipid,0
2.44934,250,HG23,437,298,N,SER,PROA,441,protein,0
2.45497,257,CB,438,391,HD13,LEU,PROA,447,protein,0
2.45513,238,HN,437,13116,C210,POPC,MEMB,102,lipid,0
2.45521,253,N,438,11766,H6R,POPC,MEMB,91,lipid,0
2.46635,252,O,437,11765,C26,POPC,MEMB,91,lipid,0
2.4796,250,HG23,437,297,O,ALA,PROA,440,protein,0
2.48027,258,HB,438,322,HG23,VAL,PROA,442,protein,0
2.4827,251,C,437,395,HD23,LEU,PROA,447,protein,0
2.48413,253,N,438,11762,C25,POPC,MEMB,91,lipid,0
2.48583,257,CB,438,390,HD12,LEU,PROA,447,protein,0
2.48985,258,HB,438,325,N,VAL,PROA,443,protein,0
2.49423,266,HG23,438,388,CD1,LEU,PROA,447,protein,0
2.49452,252,O,437,383,CB,LEU,PROA,447,protein,0
2.50014,256,HA,438,312,HA,VAL,PROA,442,protein,0
2.50179,240,HA,437,13120,H11S,POPC,MEMB,102,lipid,0
2.50185,239,CA,437,11768,C27,POPC,MEMB,91,lipid,0
2.50274,254,HN,438,385,HB2,LEU,PROA,447,protein,0
2.50995,254,HN,438,11760,H4R,POPC,MEMB,91,lipid,0
2.51194,256,HA,438,325,N,VAL,PROA,443,protein,0
2.51675,258,HB,438,329,CB,VAL,PROA,443,protein,0
2.52574,252,O,437,11763,H5R,POPC,MEMB,91,lipid,0
2.53851,247,CG2,437,13151,H5Y,POPC,MEMB,102,lipid,0
2.54048,237,N,437,290,CA,ALA,PROA,440,protein,0
2.54364,253,N,438,383,CB,LEU,PROA,447,protein,0
2.54744,251,C,437,271,CA,ILE,PROA,439,protein,0
2.55043,255,CA,438,388,CD1,LEU,PROA,447,protein,0
2.55506,243,CG1,437,11769,H7R,POPC,MEMB,91,lipid,0
2.55634,258,HB,438,331,CG1,VAL,PROA,443,protein,0
2.55802,251,C,437,272,HA,ILE,PROA,439,protein,0
2.561,267,C,438,11845,H16Z,POPC,MEMB,91,lipid,0
2.57076,242,HB,437,13151,H5Y,POPC,MEMB,102,lipid,0
2.57308,238,HN,437,224,HA,VAL,PROA,436,protein,0
2.58875,239,CA,437,290,CA,ALA,PROA,440,protein,0
2.58909,255,CA,438,383,CB,LEU,PROA,447,protein,0
2.59301,249,HG22,437,297,O,ALA,PROA,440,protein,0
2.59454,256,HA,438,326,HN,VAL,PROA,443,protein,0
2.59704,239,CA,437,11767,H6S,POPC,MEMB,91,lipid,0
2.59823,249,HG22,437,235,C,VAL,PROA,436,protein,0
2.60008,238,HN,437,13119,H11R,POPC,MEMB,102,lipid,0
2.60432,242,HB,437,13149,C35,POPC,MEMB,102,lipid,0
2.60491,264,HG21,438,331,CG1,VAL,PROA,443,protein,0
2.60889,251,C,437,11766,H6R,POPC,MEMB,91,lipid,0
2.61109,254,HN,438,11763,H5R,POPC,MEMB,91,lipid,0
2.61814,268,O,438,11836,C314,POPC,MEMB,91,lipid,0
2.61964,259,CG1,438,390,HD12,LEU,PROA,447,protein,0
2.62025,252,O,437,391,HD13,LEU,PROA,447,protein,0
2.6219,240,HA,437,288,N,ALA,PROA,440,protein,0
2.62798,239,CA,437,286,C,ILE,PROA,439,protein,0
2.63281,263,CG2,438,322,HG23,VAL,PROA,442,protein,0
2.63667,258,HB,438,335,CG2,VAL,PROA,443,protein,0
2.64129,263,CG2,438,390,HD12,LEU,PROA,447,protein,0
2.64691,251,C,437,11759,C24,POPC,MEMB,91,lipid,0
2.65282,257,CB,438,322,HG23,VAL,PROA,442,protein,0
2.65497,268,O,438,387,HG,LEU,PROA,447,protein,0
2.65996,242,HB,437,13152,C36,POPC,MEMB,102,lipid,0
2.6619,265,HG22,438,975,HG22,VAL,PROB,437,protein,0
2.66212,251,C,437,288,N,ALA,PROA,440,protein,0
2.66227,255,CA,438,390,HD12,LEU,PROA,447,protein,0
2.66316,244,HG11,437,11772,H8R,POPC,MEMB,91,lipid,0
2.66684,251,C,437,11768,C27,POPC,MEMB,91,lipid,0
2.66876,266,HG23,438,389,HD11,LEU,PROA,447,protein,0
2.6732,258,HB,438,314,HB,VAL,PROA,442,protein,0
2.67344,258,HB,438,326,HN,VAL,PROA,443,protein,0
2.67547,238,HN,437,288,N,ALA,PROA,440,protein,0
2.67933,254,HN,438,11765,C26,POPC,MEMB,91,lipid,0
2.68186,256,HA,438,384,HB1,LEU,PROA,447,protein,0
2.68597,242,HB,437,13154,H6Y,POPC,MEMB,102,lipid,0
2.68854,246,HG13,437,11769,H7R,POPC,MEMB,91,lipid,0
2.69091,252,O,437,322,HG23,VAL,PROA,442,protein,0
2.69448,251,C,437,11760,H4R,POPC,MEMB,91,lipid,0
2.69797,257,CB,438,333,HG12,VAL,PROA,443,protein,0
2.69965,250,HG23,437,296,C,ALA,PROA,440,protein,0
2.70324,238,HN,437,13147,H4X,POPC,MEMB,102,lipid,0
2.70882,238,HN,437,287,O,ILE,PROA,439,protein,0
2.70964,249,HG22,437,12645,H15Y,POPC,MEMB,98,lipid,0
2.72005,268,O,438,11830,C312,POPC,MEMB,91,lipid,0
2.72046,252,O,437,11759,C24,POPC,MEMB,91,lipid,0
2.72172,247,CG2,437,299,HN,SER,PROA,441,protein,0
2.73109,255,CA,438,322,HG23,VAL,PROA,442,protein,0
2.73585,240,HA,437,13118,C211,POPC,MEMB,102,lipid,0
2.74015,251,C,437,383,CB,LEU,PROA,447,protein,0
2.75326,247,CG2,437,12645,H15Y,POPC,MEMB,98,lipid,0
2.7618,238,HN,437,13149,C35,POPC,MEMB,102,lipid,0
2.76446,265,HG22,438,321,HG22,VAL,PROA,442,protein,0
2.76945,255,CA,438,312,HA,VAL,PROA,442,protein,0
2.76989,254,HN,438,391,HD13,LEU,PROA,447,protein,0
2.77246,241,CB,437,11768,C27,POPC,MEMB,91,lipid,0
2.77518,237,N,437,291,HA,ALA,PROA,440,protein,0
2.77689,250,HG23,437,26657,H1,TIP3,TIP3,2347,water/ion,0
2.77702,237,N,437,289,HN,ALA,PROA,440,protein,0
2.77741,237,N,437,223,CA,VAL,PROA,436,protein,0
2.77946,254,HN,438,311,CA,VAL,PROA,442,protein,0
2.78221,257,CB,438,338,HG23,VAL,PROA,443,protein,0
2.78814,264,HG21,438,336,HG21,VAL,PROA,443,protein,0
2.78923,244,HG11,437,11767,H6S,POPC,MEMB,91,lipid,0
2.79131,268,O,438,269,N,ILE,PROA,439,protein,0
2.79188,241,CB,437,11765,C26,POPC,MEMB,91,lipid,0
2.79218,267,C,438,385,HB2,LEU,PROA,447,protein,0
2.79432,248,HG21,437,12643,C315,POPC,MEMB,98,lipid,0
2.79663,256,HA,438,11845,H16Z,POPC,MEMB,91,lipid,0
2.79731,240,HA,437,13150,H5X,POPC,MEMB,102,lipid,0
2.79955,267,C,438,11832,H12Y,POPC,MEMB,91,lipid,0
2.79971,250,HG23,437,26656,OH2,TIP3,TIP3,2347,water/ion,0
2.8053,240,HA,437,287,O,ILE,PROA,439,protein,0
2.80658,268,O,438,11839,C315,POPC,MEMB,91,lipid,0
2.80833,253,N,438,388,CD1,LEU,PROA,447,protein,0
2.8097,262,HG13,438,335,CG2,VAL,PROA,443,protein,0
2.81034,257,CB,438,388,CD1,LEU,PROA,447,protein,0
2.81371,254,HN,438,313,CB,VAL,PROA,442,protein,0
2.81518,237,N,437,224,HA,VAL,PROA,436,protein,0
2.81894,255,CA,438,387,HG,LEU,PROA,447,protein,0
2.82631,265,HG22,438,319,CG2,VAL,PROA,442,protein,0
2.82956,266,HG23,438,12309,H8S,POPC,MEMB,96,lipid,0
2.82996,262,HG13,438,36289,OH2,TIP3,TIP3,5558,water/ion,0
2.83194,245,HG12,437,13153,H6X,POPC,MEMB,102,lipid,0
2.83561,243,CG1,437,11768,C27,POPC,MEMB,91,lipid,0
2.83819,268,O,438,11842,C316,POPC,MEMB,91,lipid,0
2.84032,249,HG22,437,27808,OH2,TIP3,TIP3,2731,water/ion,0
2.8428,246,HG13,437,308,O,SER,PROA,441,protein,0
2.84338,254,HN,438,11759,C24,POPC,MEMB,91,lipid,0
2.84933,256,HA,438,311,CA,VAL,PROA,442,protein,0
2.85656,261,HG12,438,11838,H14Y,POPC,MEMB,91,lipid,0
2.86049,268,O,438,11833,C313,POPC,MEMB,91,lipid,0
2.86322,249,HG22,437,296,C,ALA,PROA,440,protein,0
2.86838,263,CG2,438,388,CD1,LEU,PROA,447,protein,0
2.86999,241,CB,437,13150,H5X,POPC,MEMB,102,lipid,0
2.87138,267,C,438,11844,H16Y,POPC,MEMB,91,lipid,0
2.87199,251,C,437,392,CD2,LEU,PROA,447,protein,0
2.87333,253,N,438,11765,C26,POPC,MEMB,91,lipid,0
2.88398,238,HN,437,289,HN,ALA,PROA,440,protein,0
2.8874,258,HB,438,327,CA,VAL,PROA,443,protein,0
2.88874,238,HN,437,286,C,ILE,PROA,439,protein,0
2.89051,265,HG22,438,973,CG2,VAL,PROB,437,protein,0
2.89058,247,CG2,437,297,O,ALA,PROA,440,protein,0
2.89532,249,HG22,437,13150,H5X,POPC,MEMB,102,lipid,0
2.89583,258,HB,438,323,C,VAL,PROA,442,protein,0
2.90068,239,CA,437,296,C,ALA,PROA,440,protein,0
2.90524,241,CB,437,13119,H11R,POPC,MEMB,102,lipid,0
2.90633,263,CG2,438,974,HG21,VAL,PROB,437,protein,0
2.91068,253,N,438,11759,C24,POPC,MEMB,91,lipid,0
2.91426,238,HN,437,223,CA,VAL,PROA,436,protein,0
2.92996,266,HG23,438,974,HG21,VAL,PROB,437,protein,0
2.93101,247,CG2,437,296,C,ALA,PROA,440,protein,0
2.93171,246,HG13,437,11765,C26,POPC,MEMB,91,lipid,0
2.93852,244,HG11,437,13153,H6X,POPC,MEMB,102,lipid,0
2.94276,258,HB,438,336,HG21,VAL,PROA,443,protein,0
2.94487,239,CA,437,11762,C25,POPC,MEMB,91,lipid,0
2.94541,258,HB,438,332,HG11,VAL,PROA,443,protein,0
2.94563,241,CB,437,13153,H6X,POPC,MEMB,102,lipid,0
2.94681,240,HA,437,11763,H5R,POPC,MEMB,91,lipid,0
2.94883,237,N,437,13147,H4X,POPC,MEMB,102,lipid,0
2.95315,248,HG21,437,13149,C35,POPC,MEMB,102,lipid,0
2.95651,267,C,438,11780,H11S,POPC,MEMB,91,lipid,0
2.95882,261,HG12,438,326,HN,VAL,PROA,443,protein,0
2.96119,239,CA,437,13119,H11R,POPC,MEMB,102,lipid,0
2.96798,241,CB,437,11763,H5R,POPC,MEMB,91,lipid,0
2.97297,253,N,438,11763,H5R,POPC,MEMB,91,lipid,0
2.97424,264,HG21,438,974,HG21,VAL,PROB,437,protein,0
2.97438,268,O,438,11780,H11S,POPC,MEMB,91,lipid,0
2.9747,268,O,438,390,HD12,LEU,PROA,447,protein,0
2.98986,246,HG13,437,376,HG1,CYS,PROA,446,protein,0
2.99625,267,C,438,390,HD12,LEU,PROA,447,protein,0
2.99966,251,C,437,385,HB2,LEU,PROA,447,protein,0
3.00143,261,HG12,438,335,CG2,VAL,PROA,443,protein,0
3.00615,252,O,437,395,HD23,LEU,PROA,447,protein,0
3.00626,250,HG23,437,11767,H6S,POPC,MEMB,91,lipid,0
3.00728,240,HA,437,11765,C26,POPC,MEMB,91,lipid,0
3.00763,246,HG13,437,299,HN,SER,PROA,441,protein,0
3.00826,252,O,437,11764,H5S,POPC,MEMB,91,lipid,0
3.0085,255,CA,438,384,HB1,LEU,PROA,447,protein,0
3.00934,267,C,438,11842,C316,POPC,MEMB,91,lipid,0
3.01077,263,CG2,438,332,HG11,VAL,PROA,443,protein,0
3.01706,260,HG11,438,388,CD1,LEU,PROA,447,protein,0
3.02313,239,CA,437,272,HA,ILE,PROA,439,protein,0
3.02335,253,N,438,319,CG2,VAL,PROA,442,protein,0
3.03162,240,HA,437,13116,C210,POPC,MEMB,102,lipid,0
3.03389,265,HG22,438,388,CD1,LEU,PROA,447,protein,0
3.03505,242,HB,437,11768,C27,POPC,MEMB,91,lipid,0
3.03663,254,HN,438,303,HB1,SER,PROA,441,protein,0
3.03677,267,C,438,11830,C312,POPC,MEMB,91,lipid,0
3.03966,256,HA,438,322,HG23,VAL,PROA,442,protein,0
3.04722,240,HA,437,271,CA,ILE,PROA,439,protein,0
3.05184,268,O,438,270,HN,ILE,PROA,439,protein,0
3.05679,248,HG21,437,13153,H6X,POPC,MEMB,102,lipid,0
3.05874,252,O,437,388,CD1,LEU,PROA,447,protein,0
3.05923,268,O,438,384,HB1,LEU,PROA,447,protein,0
3.05996,243,CG1,437,13153,H6X,POPC,MEMB,102,lipid,0
3.0607,249,HG22,437,13149,C35,POPC,MEMB,102,lipid,0
3.06743,259,CG1,438,336,HG21,VAL,PROA,443,protein,0
3.07557,248,HG21,437,13152,C36,POPC,MEMB,102,lipid,0
3.07566,248,HG21,437,13150,H5X,POPC,MEMB,102,lipid,0
3.07836,268,O,438,11841,H15Y,POPC,MEMB,91,lipid,0
3.07957,242,HB,437,13118,C211,POPC,MEMB,102,lipid,0
3.08428,247,CG2,437,298,N,SER,PROA,441,protein,0
3.08578,241,CB,437,11769,H7R,POPC,MEMB,91,lipid,0
3.08829,268,O,438,386,CG,LEU,PROA,447,protein,0
3.09077,247,CG2,437,13150,H5X,POPC,MEMB,102,lipid,0
3.09318,237,N,437,286,C,ILE,PROA,439,protein,0
3.0932,239,CA,437,235,C,VAL,PROA,436,protein,0
3.09924,265,HG22,438,11760,H4R,POPC,MEMB,91,lipid,0
3.10072,262,HG13,438,36291,H2,TIP3,TIP3,5558,water/ion,0
3.10447,238,HN,437,236,O,VAL,PROA,436,protein,0
3.1071,251,C,437,269,N,ILE,PROA,439,protein,0
3.10818,246,HG13,437,301,HA,SER,PROA,441,protein,0
3.11003,268,O,438,11834,H13X,POPC,MEMB,91,lipid,0
3.11328,238,HN,437,13151,H5Y,POPC,MEMB,102,lipid,0
3.11353,237,N,437,296,C,ALA,PROA,440,protein,0
3.11619,254,HN,438,383,CB,LEU,PROA,447,protein,0
3.11734,253,N,438,320,HG21,VAL,PROA,442,protein,0
3.11739,255,CA,438,323,C,VAL,PROA,442,protein,0
3.11876,268,O,438,11844,H16Y,POPC,MEMB,91,lipid,0
3.11921,243,CG1,437,11765,C26,POPC,MEMB,91,lipid,0
3.12301,241,CB,437,296,C,ALA,PROA,440,protein,0
3.1263,249,HG22,437,13147,H4X,POPC,MEMB,102,lipid,0
3.12788,246,HG13,437,298,N,SER,PROA,441,protein,0
3.12956,248,HG21,437,12648,H16Y,POPC,MEMB,98,lipid,0
3.13304,245,HG12,437,12648,H16Y,POPC,MEMB,98,lipid,0
3.13901,250,HG23,437,12645,H15Y,POPC,MEMB,98,lipid,0
3.14308,249,HG22,437,299,HN,SER,PROA,441,protein,0
3.14492,267,C,438,388,CD1,LEU,PROA,447,protein,0
3.14944,264,HG21,438,975,HG22,VAL,PROB,437,protein,0
3.15055,253,N,438,395,HD23,LEU,PROA,447,protein,0
3.15055,263,CG2,438,968,HB,VAL,PROB,437,protein,0
3.15231,237,N,437,13117,H101,POPC,MEMB,102,lipid,0
3.15946,246,HG13,437,11770,H7S,POPC,MEMB,91,lipid,0
3.15998,261,HG12,438,336,HG21,VAL,PROA,443,protein,0
3.1605,261,HG12,438,11845,H16Z,POPC,MEMB,91,lipid,0
3.1619,238,HN,437,13118,C211,POPC,MEMB,102,lipid,0
3.16959,237,N,437,13149,C35,POPC,MEMB,102,lipid,0
3.1723,237,N,437,13119,H11R,POPC,MEMB,102,lipid,0
3.1736,241,CB,437,13151,H5Y,POPC,MEMB,102,lipid,0
3.17387,237,N,437,13151,H5Y,POPC,MEMB,102,lipid,0
3.17393,241,CB,437,298,N,SER,PROA,441,protein,0
3.17839,247,CG2,437,11767,H6S,POPC,MEMB,91,lipid,0
3.17945,246,HG13,437,307,C,SER,PROA,441,protein,0
3.17964,255,CA,438,269,N,ILE,PROA,439,protein,0
3.18196,249,HG22,437,27809,H1,TIP3,TIP3,2731,water/ion,0
3.1841,263,CG2,438,331,CG1,VAL,PROA,443,protein,0
3.19247,239,CA,437,289,HN,ALA,PROA,440,protein,0
3.19469,259,CG1,438,335,CG2,VAL,PROA,443,protein,0
3.19908,237,N,437,287,O,ILE,PROA,439,protein,0
3.19915,265,HG22,438,390,HD12,LEU,PROA,447,protein,0
3.20927,246,HG13,437,300,CA,SER,PROA,441,protein,0
3.21403,243,CG1,437,13154,H6Y,POPC,MEMB,102,lipid,0
3.21719,252,O,437,320,HG21,VAL,PROA,442,protein,0
3.2182,237,N,437,11763,H5R,POPC,MEMB,91,lipid,0
3.21881,246,HG13,437,11768,C27,POPC,MEMB,91,lipid,0
3.22087,253,N,438,11764,H5S,POPC,MEMB,91,lipid,0
3.22554,240,HA,437,274,HB,ILE,PROA,439,protein,0
3.22574,253,N,438,311,CA,VAL,PROA,442,protein,0
3.22856,239,CA,437,13150,H5X,POPC,MEMB,102,lipid,0
3.23421,258,HB,438,312,HA,VAL,PROA,442,protein,0
3.23481,265,HG22,438,331,CG1,VAL,PROA,443,protein,0
3.23531,265,HG22,438,968,HB,VAL,PROB,437,protein,0
3.24174,256,HA,438,338,HG23,VAL,PROA,443,protein,0
3.2428,254,HN,438,321,HG22,VAL,PROA,442,protein,0
3.24741,245,HG12,437,13152,C36,POPC,MEMB,102,lipid,0
3.24746,254,HN,438,386,CG,LEU,PROA,447,protein,0
3.24756,255,CA,438,324,O,VAL,PROA,442,protein,0
3.24862,258,HB,438,319,CG2,VAL,PROA,442,protein,0
3.25143,241,CB,437,299,HN,SER,PROA,441,protein,0
3.25294,260,HG11,438,11838,H14Y,POPC,MEMB,91,lipid,0
3.25443,265,HG22,438,332,HG11,VAL,PROA,443,protein,0
3.25544,247,CG2,437,236,O,VAL,PROA,436,protein,0
3.25681,266,HG23,438,968,HB,VAL,PROB,437,protein,0
3.25782,264,HG21,438,967,CB,VAL,PROB,437,protein,0
3.26063,256,HA,438,386,CG,LEU,PROA,447,protein,0
3.26538,264,HG21,438,322,HG23,VAL,PROA,442,protein,0
3.26762,238,HN,437,13114,C29,POPC,MEMB,102,lipid,0
3.26776,245,HG12,437,11770,H7S,POPC,MEMB,91,lipid,0
3.26841,242,HB,437,13122,H12R,POPC,MEMB,102,lipid,0
3.27937,262,HG13,438,36290,H1,TIP3,TIP3,5558,water/ion,0
3.27986,252,O,437,319,CG2,VAL,PROA,442,protein,0
3.28554,242,HB,437,11767,H6S,POPC,MEMB,91,lipid,0
3.28587,264,HG21,438,973,CG2,VAL,PROB,437,protein,0
3.29185,247,CG2,437,13154,H6Y,POPC,MEMB,102,lipid,0
3.29423,244,HG11,437,13119,H11R,POPC,MEMB,102,lipid,0
3.29513,248,HG21,437,12646,C316,POPC,MEMB,98,lipid,0
3.29579,240,HA,437,11769,H7R,POPC,MEMB,91,lipid,0
3.29628,240,HA,437,11767,H6S,POPC,MEMB,91,lipid,0
3.29698,244,HG11,437,13122,H12R,POPC,MEMB,102,lipid,0
3.29711,251,C,437,391,HD13,LEU,PROA,447,protein,0
3.29942,244,HG11,437,11771,C28,POPC,MEMB,91,lipid,0
3.30204,258,HB,438,391,HD13,LEU,PROA,447,protein,0
3.30295,251,C,437,11770,H7S,POPC,MEMB,91,lipid,0
3.30775,247,CG2,437,13149,C35,POPC,MEMB,102,lipid,0
3.30976,262,HG13,438,332,HG11,VAL,PROA,443,protein,0
3.31076,263,CG2,438,389,HD11,LEU,PROA,447,protein,0
3.3136,253,N,438,387,HG,LEU,PROA,447,protein,0
3.31367,260,HG11,438,11834,H13X,POPC,MEMB,91,lipid,0
3.31401,239,CA,437,11769,H7R,POPC,MEMB,91,lipid,0
3.32071,239,CA,437,287,O,ILE,PROA,439,protein,0
3.32224,254,HN,438,11761,H4S,POPC,MEMB,91,lipid,0
3.32468,238,HN,437,13146,C34,POPC,MEMB,102,lipid,0
3.3247,262,HG13,438,390,HD12,LEU,PROA,447,protein,0
3.32804,258,HB,438,313,CB,VAL,PROA,442,protein,0
3.3294,252,O,437,11768,C27,POPC,MEMB,91,lipid,0
3.33125,264,HG21,438,1020,HB2,ALA,PROB,440,protein,0
3.33585,265,HG22,438,389,HD11,LEU,PROA,447,protein,0
3.33592,240,HA,437,13117,H101,POPC,MEMB,102,lipid,0
3.33675,259,CG1,438,11832,H12Y,POPC,MEMB,91,lipid,0
3.3378,245,HG12,437,11767,H6S,POPC,MEMB,91,lipid,0
3.33782,240,HA,437,13153,H6X,POPC,MEMB,102,lipid,0
3.34528,251,C,437,393,HD21,LEU,PROA,447,protein,0
3.34603,244,HG11,437,11765,C26,POPC,MEMB,91,lipid,0
3.347,251,C,437,387,HG,LEU,PROA,447,protein,0
3.35111,264,HG21,438,335,CG2,VAL,PROA,443,protein,0
3.3517,250,HG23,437,301,HA,SER,PROA,441,protein,0
3.35442,252,O,437,392,CD2,LEU,PROA,447,protein,0
3.35609,260,HG11,438,387,HG,LEU,PROA,447,protein,0
3.35659,240,HA,437,289,HN,ALA,PROA,440,protein,0
3.36385,264,HG21,438,391,HD13,LEU,PROA,447,protein,0
3.36546,238,HN,437,290,CA,ALA,PROA,440,protein,0
3.3723,242,HB,437,13117,H101,POPC,MEMB,102,lipid,0
3.3736,248,HG21,437,12647,H16X,POPC,MEMB,98,lipid,0
3.37535,256,HA,438,391,HD13,LEU,PROA,447,protein,0
3.38007,265,HG22,438,320,HG21,VAL,PROA,442,protein,0
3.38322,251,C,437,11767,H6S,POPC,MEMB,91,lipid,0
3.38667,264,HG21,438,338,HG23,VAL,PROA,443,protein,0
3.39043,242,HB,437,13120,H11S,POPC,MEMB,102,lipid,0
3.39214,267,C,438,11839,C315,POPC,MEMB,91,lipid,0
3.39217,239,CA,437,291,HA,ALA,PROA,440,protein,0
3.39316,257,CB,438,331,CG1,VAL,PROA,443,protein,0
3.39388,245,HG12,437,12645,H15Y,POPC,MEMB,98,lipid,0
3.39467,263,CG2,438,975,HG22,VAL,PROB,437,protein,0
3.39562,257,CB,438,335,CG2,VAL,PROA,443,protein,0
3.39596,254,HN,438,314,HB,VAL,PROA,442,protein,0
3.40252,239,CA,437,11766,H6R,POPC,MEMB,91,lipid,0
3.40456,260,HG11,438,391,HD13,LEU,PROA,447,protein,0
3.40518,252,O,437,311,CA,VAL,PROA,442,protein,0
3.40565,244,HG11,437,13154,H6Y,POPC,MEMB,102,lipid,0
3.40703,258,HB,438,311,CA,VAL,PROA,442,protein,0
3.40747,257,CB,438,386,CG,LEU,PROA,447,protein,0
3.40845,257,CB,438,325,N,VAL,PROA,443,protein,0
3.41253,239,CA,437,298,N,SER,PROA,441,protein,0
3.41352,241,CB,437,13154,H6Y,POPC,MEMB,102,lipid,0
3.41629,251,C,437,11764,H5S,POPC,MEMB,91,lipid,0
3.41807,247,CG2,437,27810,H2,TIP3,TIP3,2731,water/ion,0
3.41978,253,N,438,392,CD2,LEU,PROA,447,protein,0
3.42143,257,CB,438,326,HN,VAL,PROA,443,protein,0
3.42344,251,C,437,388,CD1,LEU,PROA,447,protein,0
3.42524,237,N,437,13116,C210,POPC,MEMB,102,lipid,0
3.42716,252,O,437,387,HG,LEU,PROA,447,protein,0
3.42851,261,HG12,438,390,HD12,LEU,PROA,447,protein,0
3.42991,260,HG11,438,11830,C312,POPC,MEMB,91,lipid,0
3.43121,260,HG11,438,12313,H101,POPC,MEMB,96,lipid,0
3.4329,247,CG2,437,235,C,VAL,PROA,436,protein,0
3.43463,255,CA,438,311,CA,VAL,PROA,442,protein,0
3.44512,252,O,437,269,N,ILE,PROA,439,protein,0
3.44532,259,CG1,438,388,CD1,LEU,PROA,447,protein,0
3.44816,251,C,437,290,CA,ALA,PROA,440,protein,0
3.45183,246,HG13,437,380,HN,LEU,PROA,447,protein,0
3.45234,240,HA,437,11771,C28,POPC,MEMB,91,lipid,0
3.45311,251,C,437,312,HA,VAL,PROA,442,protein,0
3.45979,267,C,438,324,O,VAL,PROA,442,protein,0
3.4598,240,HA,437,290,CA,ALA,PROA,440,protein,0
3.46024,248,HG21,437,12640,C314,POPC,MEMB,98,lipid,0
3.46262,257,CB,438,336,HG21,VAL,PROA,443,protein,0
3.46623,264,HG21,438,329,CB,VAL,PROA,443,protein,0
3.46706,256,HA,438,314,HB,VAL,PROA,442,protein,0
3.46711,253,N,438,384,HB1,LEU,PROA,447,protein,0
3.47494,242,HB,437,11769,H7R,POPC,MEMB,91,lipid,0
3.48376,267,C,438,11838,H14Y,POPC,MEMB,91,lipid,0
3.4841,268,O,438,383,CB,LEU,PROA,447,protein,0
3.48628,241,CB,437,13149,C35,POPC,MEMB,102,lipid,0
3.48792,264,HG21,438,334,HG13,VAL,PROA,443,protein,0
3.48911,252,O,437,384,HB1,LEU,PROA,447,protein,0
3.48945,240,HA,437,235,C,VAL,PROA,436,protein,0
3.49013,260,HG11,438,338,HG23,VAL,PROA,443,protein,0
3.49083,249,HG22,437,298,N,SER,PROA,441,protein,0
3.4924,238,HN,437,13120,H11S,POPC,MEMB,102,lipid,0
3.49289,253,N,438,269,N,ILE,PROA,439,protein,0
3.49352,255,CA,438,11845,H16Z,POPC,MEMB,91,lipid,0
3.49872,255,CA,438,325,N,VAL,PROA,443,protein,0
3.50158,266,HG23,438,333,HG12,VAL,PROA,443,protein,0
3.50729,247,CG2,437,13153,H6X,POPC,MEMB,102,lipid,0
3.50735,259,CG1,438,391,HD13,LEU,PROA,447,protein,0
3.51382,253,N,438,390,HD12,LEU,PROA,447,protein,0
3.51399,250,HG23,437,13151,H5Y,POPC,MEMB,102,lipid,0
3.51428,254,HN,438,309,N,VAL,PROA,442,protein,0
3.51446,238,HN,437,13153,H6X,POPC,MEMB,102,lipid,0
3.517,251,C,437,11769,H7R,POPC,MEMB,91,lipid,0
3.51712,252,O,437,11761,H4S,POPC,MEMB,91,lipid,0
3.51782,248,HG21,437,12641,H14X,POPC,MEMB,98,lipid,0
3.51808,256,HA,438,11766,H6R,POPC,MEMB,91,lipid,0
3.51899,263,CG2,438,973,CG2,VAL,PROB,437,protein,0
3.51932,245,HG12,437,13151,H5Y,POPC,MEMB,102,lipid,0
3.51952,268,O,438,388,CD1,LEU,PROA,447,protein,0
3.52134,266,HG23,438,322,HG23,VAL,PROA,442,protein,0
3.52183,267,C,438,11836,C314,POPC,MEMB,91,lipid,0
3.52244,258,HB,438,324,O,VAL,PROA,442,protein,0
3.52272,246,HG13,437,11766,H6R,POPC,MEMB,91,lipid,0
3.52371,238,HN,437,291,HA,ALA,PROA,440,protein,0
3.52559,255,CA,438,11760,H4R,POPC,MEMB,91,lipid,0
3.5274,254,HN,438,388,CD1,LEU,PROA,447,protein,0
3.53684,257,CB,438,332,HG11,VAL,PROA,443,protein,0
3.54395,243,CG1,437,13119,H11R,POPC,MEMB,102,lipid,0
3.54941,258,HB,438,334,HG13,VAL,PROA,443,protein,0
3.55011,257,CB,438,329,CB,VAL,PROA,443,protein,0
3.55061,264,HG21,438,390,HD12,LEU,PROA,447,protein,0
3.55103,248,HG21,437,299,HN,SER,PROA,441,protein,0
3.55159,245,HG12,437,11769,H7R,POPC,MEMB,91,lipid,0
3.55633,252,O,437,271,CA,ILE,PROA,439,protein,0
3.55784,253,N,438,313,CB,VAL,PROA,442,protein,0
3.55846,238,HN,437,11770,H7S,POPC,MEMB,91,lipid,0
3.55935,258,HB,438,385,HB2,LEU,PROA,447,protein,0
3.55988,252,O,437,11767,H6S,POPC,MEMB,91,lipid,0
3.56285,237,N,437,27810,H2,TIP3,TIP3,2731,water/ion,0
3.5644,239,CA,437,13120,H11S,POPC,MEMB,102,lipid,0
3.56464,242,HB,437,13116,C210,POPC,MEMB,102,lipid,0
3.56551,259,CG1,438,11838,H14Y,POPC,MEMB,91,lipid,0
3.5672,250,HG23,437,300,CA,SER,PROA,441,protein,0
3.57026,251,C,437,289,HN,ALA,PROA,440,protein,0
3.5703,267,C,438,391,HD13,LEU,PROA,447,protein,0
3.57148,258,HB,438,321,HG22,VAL,PROA,442,protein,0
3.57214,261,HG12,438,325,N,VAL,PROA,443,protein,0
3.57217,256,HA,438,390,HD12,LEU,PROA,447,protein,0
3.57408,255,CA,438,11766,H6R,POPC,MEMB,91,lipid,0
3.5746,251,C,437,287,O,ILE,PROA,439,protein,0
3.57557,237,N,437,11770,H7S,POPC,MEMB,91,lipid,0
3.57853,242,HB,437,12632,H11X,POPC,MEMB,98,lipid,0
3.57861,261,HG12,438,337,HG22,VAL,PROA,443,protein,0
3.58031,243,CG1,437,299,HN,SER,PROA,441,protein,0
3.58183,267,C,438,11833,C313,POPC,MEMB,91,lipid,0
3.5846,256,HA,438,269,N,ILE,PROA,439,protein,0
3.58771,261,HG12,438,11832,H12Y,POPC,MEMB,91,lipid,0
3.58984,257,CB,438,314,HB,VAL,PROA,442,protein,0
3.59073,267,C,438,271,CA,ILE,PROA,439,protein,0
3.59319,263,CG2,438,336,HG21,VAL,PROA,443,protein,0
3.59374,255,CA,438,326,HN,VAL,PROA,443,protein,0
3.59396,258,HB,438,390,HD12,LEU,PROA,447,protein,0
3.59606,267,C,438,11779,H11R,POPC,MEMB,91,lipid,0
3.59776,263,CG2,438,319,CG2,VAL,PROA,442,protein,0
3.60469,263,CG2,438,321,HG22,VAL,PROA,442,protein,0
3.60641,262,HG13,438,337,HG22,VAL,PROA,443,protein,0
3.60761,256,HA,438,388,CD1,LEU,PROA,447,protein,0
3.60811,237,N,437,297,O,ALA,PROA,440,protein,0
3.61086,258,HB,438,330,HB,VAL,PROA,443,protein,0
3.61626,259,CG1,438,326,HN,VAL,PROA,443,protein,0
3.61647,240,HA,437,11772,H8R,POPC,MEMB,91,lipid,0
3.61771,260,HG11,438,12309,H8S,POPC,MEMB,96,lipid,0
3.61985,257,CB,438,323,C,VAL,PROA,442,protein,0
3.6203,256,HA,438,313,CB,VAL,PROA,442,protein,0
3.62031,256,HA,438,327,CA,VAL,PROA,443,protein,0
3.62297,253,N,438,11761,H4S,POPC,MEMB,91,lipid,0
3.6265,262,HG13,438,333,HG12,VAL,PROA,443,protein,0
3.62866,255,CA,438,389,HD11,LEU,PROA,447,protein,0
3.63019,244,HG11,437,11773,H8S,POPC,MEMB,91,lipid,0
3.63451,248,HG21,437,12644,H15X,POPC,MEMB,98,lipid,0
3.6362,254,HN,438,11767,H6S,POPC,MEMB,91,lipid,0
3.6365,241,CB,437,13152,C36,POPC,MEMB,102,lipid,0
3.64167,257,CB,438,312,HA,VAL,PROA,442,protein,0
3.64245,241,CB,437,235,C,VAL,PROA,436,protein,0
3.64246,253,N,438,389,HD11,LEU,PROA,447,protein,0
3.64289,243,CG1,437,11772,H8R,POPC,MEMB,91,lipid,0
3.64296,242,HB,437,11765,C26,POPC,MEMB,91,lipid,0
3.64616,241,CB,437,297,O,ALA,PROA,440,protein,0
3.6483,250,HG23,437,26658,H2,TIP3,TIP3,2347,water/ion,0
3.6491,252,O,437,286,C,ILE,PROA,439,protein,0
3.65575,265,HG22,438,314,HB,VAL,PROA,442,protein,0
3.65576,257,CB,438,319,CG2,VAL,PROA,442,protein,0
3.65587,258,HB,438,337,HG22,VAL,PROA,443,protein,0
3.65815,252,O,437,272,HA,ILE,PROA,439,protein,0
3.66091,258,HB,438,328,HA,VAL,PROA,443,protein,0
3.66239,252,O,437,288,N,ALA,PROA,440,protein,0
3.66503,239,CA,437,271,CA,ILE,PROA,439,protein,0
3.66645,243,CG1,437,298,N,SER,PROA,441,protein,0
3.66681,265,HG22,438,967,CB,VAL,PROB,437,protein,0
3.66737,257,CB,438,385,HB2,LEU,PROA,447,protein,0
3.66965,255,CA,438,319,CG2,VAL,PROA,442,protein,0
3.67387,251,C,437,11761,H4S,POPC,MEMB,91,lipid,0
3.67919,260,HG11,438,389,HD11,LEU,PROA,447,protein,0
3.68031,251,C,437,384,HB1,LEU,PROA,447,protein,0
3.68343,256,HA,438,387,HG,LEU,PROA,447,protein,0
3.68365,242,HB,437,235,C,VAL,PROA,436,protein,0
3.68448,250,HG23,437,236,O,VAL,PROA,436,protein,0
3.68538,257,CB,438,389,HD11,LEU,PROA,447,protein,0
3.68727,256,HA,438,333,HG12,VAL,PROA,443,protein,0
3.69123,267,C,438,11828,H11X,POPC,MEMB,91,lipid,0
3.69142,238,HN,437,13144,H3X,POPC,MEMB,102,lipid,0
3.69166,263,CG2,438,338,HG23,VAL,PROA,443,protein,0
3.693,257,CB,438,387,HG,LEU,PROA,447,protein,0
3.69569,251,C,437,11771,C28,POPC,MEMB,91,lipid,0
3.69828,254,HN,438,323,C,VAL,PROA,442,protein,0
3.70641,261,HG12,438,11841,H15Y,POPC,MEMB,91,lipid,0
3.71011,268,O,438,385,HB2,LEU,PROA,447,protein,0
3.71212,268,O,438,11837,H14X,POPC,MEMB,91,lipid,0
3.71247,249,HG22,437,290,CA,ALA,PROA,440,protein,0
3.71295,267,C,438,392,CD2,LEU,PROA,447,protein,0
3.71664,238,HN,437,274,HB,ILE,PROA,439,protein,0
3.71682,245,HG12,437,376,HG1,CYS,PROA,446,protein,0
3.72055,250,HG23,437,52270,H27,L002,LIG,1,ligand,1
3.72433,268,O,438,11779,H11R,POPC,MEMB,91,lipid,0
3.72589,239,CA,437,236,O,VAL,PROA,436,protein,0
3.72742,253,N,438,11768,C27,POPC,MEMB,91,lipid,0
3.72815,255,CA,438,11832,H12Y,POPC,MEMB,91,lipid,0
3.73007,253,N,438,323,C,VAL,PROA,442,protein,0
3.73502,267,C,438,11778,C211,POPC,MEMB,91,lipid,0
3.73632,256,HA,438,11842,C316,POPC,MEMB,91,lipid,0
3.73833,249,HG22,437,13146,C34,POPC,MEMB,102,lipid,0
3.73846,245,HG12,437,12641,H14X,POPC,MEMB,98,lipid,0
3.73959,246,HG13,437,26656,OH2,TIP3,TIP3,2347,water/ion,0
3.74194,237,N,437,13146,C34,POPC,MEMB,102,lipid,0
3.74275,266,HG23,438,973,CG2,VAL,PROB,437,protein,0
3.74697,254,HN,438,395,HD23,LEU,PROA,447,protein,0
3.7476,249,HG22,437,13154,H6Y,POPC,MEMB,102,lipid,0
3.74844,259,CG1,438,333,HG12,VAL,PROA,443,protein,0
3.75062,263,CG2,438,11760,H4R,POPC,MEMB,91,lipid,0
3.75113,247,CG2,437,26657,H1,TIP3,TIP3,2347,water/ion,0
3.75119,260,HG11,438,386,CG,LEU,PROA,447,protein,0
3.75433,247,CG2,437,11770,H7S,POPC,MEMB,91,lipid,0
3.7547,248,HG21,437,27810,H2,TIP3,TIP3,2731,water/ion,0
3.75638,247,CG2,437,11763,H5R,POPC,MEMB,91,lipid,0
3.75954,255,CA,438,333,HG12,VAL,PROA,443,protein,0
3.7606,243,CG1,437,13152,C36,POPC,MEMB,102,lipid,0
3.76219,262,HG13,438,329,CB,VAL,PROA,443,protein,0
3.76292,262,HG13,438,331,CG1,VAL,PROA,443,protein,0
3.76304,247,CG2,437,13152,C36,POPC,MEMB,102,lipid,0
3.76702,241,CB,437,290,CA,ALA,PROA,440,protein,0
3.76756,243,CG1,437,376,HG1,CYS,PROA,446,protein,0
3.76984,249,HG22,437,13148,H4Y,POPC,MEMB,102,lipid,0
3.77011,259,CG1,438,36289,OH2,TIP3,TIP3,5558,water/ion,0
3.77494,247,CG2,437,12643,C315,POPC,MEMB,98,lipid,0
3.77578,262,HG13,438,1020,HB2,ALA,PROB,440,protein,0
3.77957,255,CA,438,392,CD2,LEU,PROA,447,protein,0
3.78123,261,HG12,438,11836,C314,POPC,MEMB,91,lipid,0
3.78536,239,CA,437,11764,H5S,POPC,MEMB,91,lipid,0
3.78635,268,O,438,324,O,VAL,PROA,442,protein,0
3.78759,239,CA,437,13118,C211,POPC,MEMB,102,lipid,0
3.78924,256,HA,438,319,CG2,VAL,PROA,442,protein,0
3.79224,256,HA,438,11844,H16Y,POPC,MEMB,91,lipid,0
3.79247,265,HG22,438,976,HG23,VAL,PROB,437,protein,0
3.79297,264,HG21,438,978,O,VAL,PROB,437,protein,0
3.79402,264,HG21,438,321,HG22,VAL,PROA,442,protein,0
3.79595,250,HG23,437,11763,H5R,POPC,MEMB,91,lipid,0
3.79704,266,HG23,438,11760,H4R,POPC,MEMB,91,lipid,0
3.79804,252,O,437,313,CB,VAL,PROA,442,protein,0
3.79847,250,HG23,437,27810,H2,TIP3,TIP3,2731,water/ion,0
3.80488,244,HG11,437,13152,C36,POPC,MEMB,102,lipid,0
3.80752,237,N,437,221,N,VAL,PROA,436,protein,0
3.8132,248,HG21,437,26657,H1,TIP3,TIP3,2347,water/ion,0
3.81423,238,HN,437,12632,H11X,POPC,MEMB,98,lipid,0
3.81891,249,HG22,437,12643,C315,POPC,MEMB,98,lipid,0
3.81968,239,CA,437,11759,C24,POPC,MEMB,91,lipid,0
3.82072,242,HB,437,13121,C212,POPC,MEMB,102,lipid,0
3.82204,242,HB,437,12645,H15Y,POPC,MEMB,98,lipid,0
3.8228,261,HG12,438,36289,OH2,TIP3,TIP3,5558,water/ion,0
3.82352,242,HB,437,11772,H8R,POPC,MEMB,91,lipid,0
3.82392,260,HG11,438,11833,C313,POPC,MEMB,91,lipid,0
3.82471,239,CA,437,297,O,ALA,PROA,440,protein,0
3.82654,252,O,437,389,HD11,LEU,PROA,447,protein,0
3.82662,242,HB,437,11763,H5R,POPC,MEMB,91,lipid,0
3.82771,250,HG23,437,12647,H16X,POPC,MEMB,98,lipid,0
3.82969,258,HB,438,388,CD1,LEU,PROA,447,protein,0
3.83007,253,N,438,271,CA,ILE,PROA,439,protein,0
3.83178,255,CA,438,338,HG23,VAL,PROA,443,protein,0
3.8319,247,CG2,437,27808,OH2,TIP3,TIP3,2731,water/ion,0
3.83196,266,HG23,438,12307,C28,POPC,MEMB,96,lipid,0
3.83705,237,N,437,226,HB,VAL,PROA,436,protein,0
3.83818,261,HG12,438,11840,H15X,POPC,MEMB,91,lipid,0
3.83911,241,CB,437,11766,H6R,POPC,MEMB,91,lipid,0
3.84086,243,CG1,437,308,O,SER,PROA,441,protein,0
3.84363,240,HA,437,11762,C25,POPC,MEMB,91,lipid,0
3.844,261,HG12,438,36290,H1,TIP3,TIP3,5558,water/ion,0
3.84469,240,HA,437,273,CB,ILE,PROA,439,protein,0
3.84572,240,HA,437,13149,C35,POPC,MEMB,102,lipid,0
3.84705,252,O,437,390,HD12,LEU,PROA,447,protein,0
3.84752,246,HG13,437,11763,H5R,POPC,MEMB,91,lipid,0
3.84845,238,HN,437,220,O,ALA,PROA,435,protein,0
3.85053,238,HN,437,226,HB,VAL,PROA,436,protein,0
3.85234,266,HG23,438,332,HG11,VAL,PROA,443,protein,0
3.85553,245,HG12,437,11768,C27,POPC,MEMB,91,lipid,0
3.85678,268,O,438,11843,H16X,POPC,MEMB,91,lipid,0
3.85683,247,CG2,437,26656,OH2,TIP3,TIP3,2347,water/ion,0
3.85864,268,O,438,11778,C211,POPC,MEMB,91,lipid,0
3.85868,248,HG21,437,297,O,ALA,PROA,440,protein,0
3.85997,260,HG11,438,11831,H12X,POPC,MEMB,91,lipid,0
3.86173,265,HG22,438,334,HG13,VAL,PROA,443,protein,0
3.8622,245,HG12,437,12646,C316,POPC,MEMB,98,lipid,0
3.8717,249,HG22,437,291,HA,ALA,PROA,440,protein,0
3.87183,244,HG11,437,376,HG1,CYS,PROA,446,protein,0
3.8722,266,HG23,438,970,HG11,VAL,PROB,437,protein,0
3.87351,252,O,437,11769,H7R,POPC,MEMB,91,lipid,0
3.8738,266,HG23,438,12308,H8R,POPC,MEMB,96,lipid,0
3.87431,255,CA,438,314,HB,VAL,PROA,442,protein,0
3.87501,254,HN,438,300,CA,SER,PROA,441,protein,0
3.87586,263,CG2,438,967,CB,VAL,PROB,437,protein,0
3.87743,245,HG12,437,13119,H11R,POPC,MEMB,102,lipid,0
3.87744,267,C,438,11841,H15Y,POPC,MEMB,91,lipid,0
3.8827,242,HB,437,272,HA,ILE,PROA,439,protein,0
3.88349,238,HN,437,272,HA,ILE,PROA,439,protein,0
3.8837,243,CG1,437,11766,H6R,POPC,MEMB,91,lipid,0
3.88553,254,HN,438,333,HG12,VAL,PROA,443,protein,0
3.88678,237,N,437,13153,H6X,POPC,MEMB,102,lipid,0
3.89593,268,O,438,326,HN,VAL,PROA,443,protein,0
3.89956,249,HG22,437,52245,H2,L002,LIG,1,ligand,1
3.90291,257,CB,438,11832,H12Y,POPC,MEMB,91,lipid,0
3.9059,245,HG12,437,12643,C315,POPC,MEMB,98,lipid,0
3.90634,244,HG11,437,380,HN,LEU,PROA,447,protein,0
3.91067,251,C,437,11756,C23,POPC,MEMB,91,lipid,0
3.91238,239,CA,437,299,HN,SER,PROA,441,protein,0
3.91467,254,HN,438,307,C,SER,PROA,441,protein,0
3.91475,237,N,437,225,CB,VAL,PROA,436,protein,0
3.91576,241,CB,437,236,O,VAL,PROA,436,protein,0
3.91704,250,HG23,437,11765,C26,POPC,MEMB,91,lipid,0
3.91709,242,HB,437,13147,H4X,POPC,MEMB,102,lipid,0
3.91755,237,N,437,13118,C211,POPC,MEMB,102,lipid,0
3.91798,248,HG21,437,27808,OH2,TIP3,TIP3,2731,water/ion,0
3.91976,248,HG21,437,11767,H6S,POPC,MEMB,91,lipid,0
3.92131,247,CG2,437,11765,C26,POPC,MEMB,91,lipid,0
3.92366,259,CG1,438,332,HG11,VAL,PROA,443,protein,0
3.92561,263,CG2,438,12309,H8S,POPC,MEMB,96,lipid,0
3.92565,251,C,437,394,HD22,LEU,PROA,447,protein,0
3.92871,239,CA,437,13153,H6X,POPC,MEMB,102,lipid,0
3.92986,263,CG2,438,335,CG2,VAL,PROA,443,protein,0
3.93052,243,CG1,437,11763,H5R,POPC,MEMB,91,lipid,0
3.93148,244,HG11,437,11766,H6R,POPC,MEMB,91,lipid,0
3.93228,264,HG21,438,388,CD1,LEU,PROA,447,protein,0
3.93247,255,CA,438,313,CB,VAL,PROA,442,protein,0
3.93269,243,CG1,437,13151,H5Y,POPC,MEMB,102,lipid,0
3.93377,266,HG23,438,975,HG22,VAL,PROB,437,protein,0
3.93455,266,HG23,438,386,CG,LEU,PROA,447,protein,0
3.9351,251,C,437,322,HG23,VAL,PROA,442,protein,0
3.93953,267,C,438,11773,H8S,POPC,MEMB,91,lipid,0
3.94367,245,HG12,437,13150,H5X,POPC,MEMB,102,lipid,0
3.94418,240,HA,437,11766,H6R,POPC,MEMB,91,lipid,0
3.94853,245,HG12,437,13122,H12R,POPC,MEMB,102,lipid,0
3.94879,243,CG1,437,13150,H5X,POPC,MEMB,102,lipid,0
3.95083,252,O,437,303,HB1,SER,PROA,441,protein,0
3.95213,239,CA,437,13116,C210,POPC,MEMB,102,lipid,0
3.9524,253,N,438,11767,H6S,POPC,MEMB,91,lipid,0
3.95285,255,CA,438,11831,H12X,POPC,MEMB,91,lipid,0
3.9539,263,CG2,438,329,CB,VAL,PROA,443,protein,0
3.95396,249,HG22,437,13153,H6X,POPC,MEMB,102,lipid,0
3.95418,240,HA,437,296,C,ALA,PROA,440,protein,0
3.95468,259,CG1,438,387,HG,LEU,PROA,447,protein,0
3.9553,267,C,438,323,C,VAL,PROA,442,protein,0
3.9557,268,O,438,11835,H13Y,POPC,MEMB,91,lipid,0
3.95671,238,HN,437,13152,C36,POPC,MEMB,102,lipid,0
3.95743,240,HA,437,13122,H12R,POPC,MEMB,102,lipid,0
3.95802,263,CG2,438,314,HB,VAL,PROA,442,protein,0
3.96251,253,N,438,314,HB,VAL,PROA,442,protein,0
3.96373,243,CG1,437,13122,H12R,POPC,MEMB,102,lipid,0
3.96425,244,HG11,437,13126,H13S,POPC,MEMB,102,lipid,0
3.96477,261,HG12,438,11834,H13X,POPC,MEMB,91,lipid,0
3.96682,268,O,438,338,HG23,VAL,PROA,443,protein,0
3.9685,247,CG2,437,13147,H4X,POPC,MEMB,102,lipid,0
3.96895,266,HG23,438,967,CB,VAL,PROB,437,protein,0
3.97069,238,HN,437,11763,H5R,POPC,MEMB,91,lipid,0
3.97424,255,CA,438,395,HD23,LEU,PROA,447,protein,0
3.97568,248,HG21,437,26656,OH2,TIP3,TIP3,2347,water/ion,0
3.97608,261,HG12,438,329,CB,VAL,PROA,443,protein,0
3.97699,257,CB,438,327,CA,VAL,PROA,443,protein,0
3.97758,265,HG22,438,11761,H4S,POPC,MEMB,91,lipid,0
3.98326,265,HG22,438,313,CB,VAL,PROA,442,protein,0
3.98623,237,N,437,220,O,ALA,PROA,435,protein,0
3.98715,256,HA,438,309,N,VAL,PROA,442,protein,0
3.98748,252,O,437,309,N,VAL,PROA,442,protein,0
3.98791,256,HA,438,329,CB,VAL,PROA,443,protein,0
3.98832,259,CG1,438,329,CB,VAL,PROA,443,protein,0
3.99011,241,CB,437,12645,H15Y,POPC,MEMB,98,lipid,0
3.9911,253,N,438,309,N,VAL,PROA,442,protein,0
3.99131,249,HG22,437,11767,H6S,POPC,MEMB,91,lipid,0
3.99145,253,N,438,321,HG22,VAL,PROA,442,protein,0
3.99413,241,CB,437,13118,C211,POPC,MEMB,102,lipid,0
3.99466,259,CG1,438,325,N,VAL,PROA,443,protein,0
3.99576,238,HN,437,225,CB,VAL,PROA,436,protein,0
3.99922,254,HN,438,302,CB,SER,PROA,441,protein,0
4.00043,252,O,437,290,CA,ALA,PROA,440,protein,0
4.00186,245,HG12,437,299,HN,SER,PROA,441,protein,0
4.00478,259,CG1,438,337,HG22,VAL,PROA,443,protein,0
4.00544,255,CA,438,270,HN,ILE,PROA,439,protein,0
4.00589,259,CG1,438,11845,H16Z,POPC,MEMB,91,lipid,0
4.00744,245,HG12,437,13149,C35,POPC,MEMB,102,lipid,0
4.00755,253,N,438,303,HB1,SER,PROA,441,protein,0
4.00763,247,CG2,437,13119,H11R,POPC,MEMB,102,lipid,0
4.01004,257,CB,438,324,O,VAL,PROA,442,protein,0
4.01268,256,HA,438,11840,H15X,POPC,MEMB,91,lipid,0
4.01334,248,HG21,437,236,O,VAL,PROA,436,protein,0
4.01351,237,N,437,11765,C26,POPC,MEMB,91,lipid,0
4.01428,267,C,438,11827,C311,POPC,MEMB,91,lipid,0
4.01572,253,N,438,272,HA,ILE,PROA,439,protein,0
4.01608,252,O,437,323,C,VAL,PROA,442,protein,0
4.01833,241,CB,437,288,N,ALA,PROA,440,protein,0
4.01856,239,CA,437,11771,C28,POPC,MEMB,91,lipid,0
4.01871,240,HA,437,11775,H91,POPC,MEMB,91,lipid,0
4.02021,260,HG11,438,12308,H8R,POPC,MEMB,96,lipid,0
4.02264,268,O,438,391,HD13,LEU,PROA,447,protein,0
4.02374,262,HG13,438,968,HB,VAL,PROB,437,protein,0
4.02378,244,HG11,437,308,O,SER,PROA,441,protein,0
4.02412,237,N,437,292,CB,ALA,PROA,440,protein,0
4.02541,237,N,437,11767,H6S,POPC,MEMB,91,lipid,0
4.02554,267,C,438,11834,H13X,POPC,MEMB,91,lipid,0
4.02623,248,HG21,437,296,C,ALA,PROA,440,protein,0
4.02674,260,HG11,438,11836,C314,POPC,MEMB,91,lipid,0
4.0278,251,C,437,389,HD11,LEU,PROA,447,protein,0
4.0296,246,HG13,437,296,C,ALA,PROA,440,protein,0
4.03215,257,CB,438,321,HG22,VAL,PROA,442,protein,0
4.03632,242,HB,437,296,C,ALA,PROA,440,protein,0
4.03632,247,CG2,437,290,CA,ALA,PROA,440,protein,0
4.03654,257,CB,438,11760,H4R,POPC,MEMB,91,lipid,0
4.03845,260,HG11,438,336,HG21,VAL,PROA,443,protein,0
4.03881,259,CG1,438,36290,H1,TIP3,TIP3,5558,water/ion,0
4.03909,251,C,437,270,HN,ILE,PROA,439,protein,0
4.03957,264,HG21,438,314,HB,VAL,PROA,442,protein,0
4.03967,254,HN,438,11768,C27,POPC,MEMB,91,lipid,0
4.03995,249,HG22,437,13152,C36,POPC,MEMB,102,lipid,0
4.0401,249,HG22,437,11763,H5R,POPC,MEMB,91,lipid,0
4.04134,267,C,438,11843,H16X,POPC,MEMB,91,lipid,0
4.04212,264,HG21,438,319,CG2,VAL,PROA,442,protein,0
4.04221,248,HG21,437,13147,H4X,POPC,MEMB,102,lipid,0
4.04246,266,HG23,438,11832,H12Y,POPC,MEMB,91,lipid,0
4.04391,263,CG2,438,386,CG,LEU,PROA,447,protein,0
4.04488,261,HG12,438,324,O,VAL,PROA,442,protein,0
4.04645,253,N,438,286,C,ILE,PROA,439,protein,0
4.04676,254,HN,438,293,HB1,ALA,PROA,440,protein,0
4.04709,248,HG21,437,298,N,SER,PROA,441,protein,0
4.04721,240,HA,437,13121,C212,POPC,MEMB,102,lipid,0
4.04861,238,HN,437,13112,H8R,POPC,MEMB,102,lipid,0
4.04861,240,HA,437,13114,C29,POPC,MEMB,102,lipid,0
4.05128,237,N,437,11762,C25,POPC,MEMB,91,lipid,0
4.05136,263,CG2,438,334,HG13,VAL,PROA,443,protein,0
4.05165,262,HG13,438,326,HN,VAL,PROA,443,protein,0
4.05308,260,HG11,438,12312,C210,POPC,MEMB,96,lipid,0
4.05462,267,C,438,12321,H13R,POPC,MEMB,96,lipid,0
4.05837,253,N,438,324,O,VAL,PROA,442,protein,0
4.05955,256,HA,438,335,CG2,VAL,PROA,443,protein,0
4.06016,243,CG1,437,300,CA,SER,PROA,441,protein,0
4.06277,248,HG21,437,13119,H11R,POPC,MEMB,102,lipid,0
4.06427,249,HG22,437,26657,H1,TIP3,TIP3,2347,water/ion,0
4.06643,257,CB,438,313,CB,VAL,PROA,442,protein,0
4.06655,267,C,438,272,HA,ILE,PROA,439,protein,0
4.06838,238,HN,437,27810,H2,TIP3,TIP3,2731,water/ion,0
4.0695,250,HG23,437,13154,H6Y,POPC,MEMB,102,lipid,0
4.07216,261,HG12,438,11842,C316,POPC,MEMB,91,lipid,0
4.07377,259,CG1,438,36291,H2,TIP3,TIP3,5558,water/ion,0
4.07431,258,HB,438,339,C,VAL,PROA,443,protein,0
4.07501,247,CG2,437,27809,H1,TIP3,TIP3,2731,water/ion,0
4.0775,257,CB,438,311,CA,VAL,PROA,442,protein,0
4.07795,241,CB,437,13120,H11S,POPC,MEMB,102,lipid,0
4.07811,241,CB,437,11772,H8R,POPC,MEMB,91,lipid,0
4.07828,245,HG12,437,12647,H16X,POPC,MEMB,98,lipid,0
4.07855,265,HG22,438,11759,C24,POPC,MEMB,91,lipid,0
4.07867,241,CB,437,11762,C25,POPC,MEMB,91,lipid,0
4.07983,264,HG21,438,970,HG11,VAL,PROB,437,protein,0
4.08007,250,HG23,437,12643,C315,POPC,MEMB,98,lipid,0
4.08075,266,HG23,438,387,HG,LEU,PROA,447,protein,0
4.08081,254,HN,438,315,CG1,VAL,PROA,442,protein,0
4.08091,238,HN,437,221,N,VAL,PROA,436,protein,0
4.08096,248,HG21,437,11770,H7S,POPC,MEMB,91,lipid,0
4.0829,239,CA,437,13117,H101,POPC,MEMB,102,lipid,0
4.08391,241,CB,437,272,HA,ILE,PROA,439,protein,0
4.0845,241,CB,437,300,CA,SER,PROA,441,protein,0
4.08473,253,N,438,288,N,ALA,PROA,440,protein,0
4.08508,261,HG12,438,36291,H2,TIP3,TIP3,5558,water/ion,0
4.08743,245,HG12,437,13157,H7Y,POPC,MEMB,102,lipid,0
4.08748,268,O,438,11828,H11X,POPC,MEMB,91,lipid,0
4.08836,243,CG1,437,301,HA,SER,PROA,441,protein,0
4.08979,260,HG11,438,11829,H11Y,POPC,MEMB,91,lipid,0
4.09367,250,HG23,437,306,HG1,SER,PROA,441,protein,0
4.09471,238,HN,437,13115,H91,POPC,MEMB,102,lipid,0
4.09536,250,HG23,437,12648,H16Y,POPC,MEMB,98,lipid,0
4.09669,240,HA,437,13151,H5Y,POPC,MEMB,102,lipid,0
4.09925,256,HA,438,381,CA,LEU,PROA,447,protein,0
4.09941,243,CG1,437,307,C,SER,PROA,441,protein,0
4.09986,267,C,438,11829,H11Y,POPC,MEMB,91,lipid,0
4.1026,238,HN,437,296,C,ALA,PROA,440,protein,0
4.10451,261,HG12,438,11839,C315,POPC,MEMB,91,lipid,0
4.10462,259,CG1,438,386,CG,LEU,PROA,447,protein,0
4.1058,267,C,438,326,HN,VAL,PROA,443,protein,0
4.10589,259,CG1,438,331,CG1,VAL,PROA,443,protein,0
4.10597,268,O,438,11827,C311,POPC,MEMB,91,lipid,0
4.10775,262,HG13,438,391,HD13,LEU,PROA,447,protein,0
4.11299,248,HG21,437,12637,C313,POPC,MEMB,98,lipid,0
4.11301,244,HG11,437,13157,H7Y,POPC,MEMB,102,lipid,0
4.11445,237,N,437,13120,H11S,POPC,MEMB,102,lipid,0
4.11742,252,O,437,393,HD21,LEU,PROA,447,protein,0
4.11791,254,HN,438,384,HB1,LEU,PROA,447,protein,0
4.11807,250,HG23,437,235,C,VAL,PROA,436,protein,0
4.11846,237,N,437,11768,C27,POPC,MEMB,91,lipid,0
4.11956,254,HN,438,290,CA,ALA,PROA,440,protein,0
4.12379,264,HG21,438,977,C,VAL,PROB,437,protein,0
4.12514,249,HG22,437,52270,H27,L002,LIG,1,ligand,1
4.12533,267,C,438,11776,C210,POPC,MEMB,91,lipid,0
4.12553,243,CG1,437,11771,C28,POPC,MEMB,91,lipid,0
4.12634,247,CG2,437,12648,H16Y,POPC,MEMB,98,lipid,0
4.13024,238,HN,437,13111,C28,POPC,MEMB,102,lipid,0
4.13339,267,C,438,11771,C28,POPC,MEMB,91,lipid,0
4.13388,247,CG2,437,12647,H16X,POPC,MEMB,98,lipid,0
4.13437,260,HG11,438,36289,OH2,TIP3,TIP3,5558,water/ion,0
4.13447,238,HN,437,13113,H8S,POPC,MEMB,102,lipid,0
4.13578,267,C,438,312,HA,VAL,PROA,442,protein,0
4.13705,237,N,437,298,N,SER,PROA,441,protein,0
4.13903,240,HA,437,291,HA,ALA,PROA,440,protein,0
4.14536,249,HG22,437,223,CA,VAL,PROA,436,protein,0
4.14552,258,HB,438,11845,H16Z,POPC,MEMB,91,lipid,0
4.14586,249,HG22,437,226,HB,VAL,PROA,436,protein,0
4.14592,246,HG13,437,13154,H6Y,POPC,MEMB,102,lipid,0
4.14637,261,HG12,438,323,C,VAL,PROA,442,protein,0
4.14688,246,HG13,437,379,N,LEU,PROA,447,protein,0
4.15123,257,CB,438,11845,H16Z,POPC,MEMB,91,lipid,0
4.1519,244,HG11,437,13120,H11S,POPC,MEMB,102,lipid,0
4.15253,250,HG23,437,27809,H1,TIP3,TIP3,2731,water/ion,0
4.15318,254,HN,438,318,HG13,VAL,PROA,442,protein,0
4.15352,242,HB,437,13146,C34,POPC,MEMB,102,lipid,0
4.15562,259,CG1,438,11834,H13X,POPC,MEMB,91,lipid,0
4.15921,265,HG22,438,312,HA,VAL,PROA,442,protein,0
4.16058,265,HG22,438,386,CG,LEU,PROA,447,protein,0
4.16249,246,HG13,437,13153,H6X,POPC,MEMB,102,lipid,0
4.1625,239,CA,437,274,HB,ILE,PROA,439,protein,0
4.16271,238,HN,437,13148,H4Y,POPC,MEMB,102,lipid,0
4.16294,237,N,437,272,HA,ILE,PROA,439,protein,0
4.16468,242,HB,437,236,O,VAL,PROA,436,protein,0
4.16495,250,HG23,437,27808,OH2,TIP3,TIP3,2731,water/ion,0
4.16512,241,CB,437,13122,H12R,POPC,MEMB,102,lipid,0
4.16576,262,HG13,438,11832,H12Y,POPC,MEMB,91,lipid,0
4.16662,244,HG11,437,13121,C212,POPC,MEMB,102,lipid,0
4.16856,255,CA,438,11840,H15X,POPC,MEMB,91,lipid,0
4.16874,262,HG13,438,388,CD1,LEU,PROA,447,protein,0
4.17062,243,CG1,437,12645,H15Y,POPC,MEMB,98,lipid,0
4.17205,248,HG21,437,235,C,VAL,PROA,436,protein,0
4.1787,243,CG1,437,380,HN,LEU,PROA,447,protein,0
4.17874,239,CA,437,292,CB,ALA,PROA,440,protein,0
4.17991,239,CA,437,13151,H5Y,POPC,MEMB,102,lipid,0
4.18218,242,HB,437,286,C,ILE,PROA,439,protein,0
4.18219,268,O,438,11829,H11Y,POPC,MEMB,91,lipid,0
4.18476,242,HB,437,13155,C37,POPC,MEMB,102,lipid,0
4.19082,242,HB,437,11771,C28,POPC,MEMB,91,lipid,0
4.19194,248,HG21,437,13148,H4Y,POPC,MEMB,102,lipid,0
4.19277,259,CG1,438,322,HG23,VAL,PROA,442,protein,0
4.19407,248,HG21,437,27809,H1,TIP3,TIP3,2731,water/ion,0
4.19472,251,C,437,320,HG21,VAL,PROA,442,protein,0
4.1958,257,CB,438,383,CB,LEU,PROA,447,protein,0
4.19637,243,CG1,437,296,C,ALA,PROA,440,protein,0
4.19667,239,CA,437,395,HD23,LEU,PROA,447,protein,0
4.19837,251,C,437,11773,H8S,POPC,MEMB,91,lipid,0
4.19925,239,CA,437,13149,C35,POPC,MEMB,102,lipid,0
4.20125,250,HG23,437,13150,H5X,POPC,MEMB,102,lipid,0
4.20408,252,O,437,11770,H7S,POPC,MEMB,91,lipid,0
4.20541,266,HG23,438,331,CG1,VAL,PROA,443,protein,0
4.20548,243,CG1,437,12648,H16Y,POPC,MEMB,98,lipid,0
4.20587,253,N,438,11769,H7R,POPC,MEMB,91,lipid,0
4.20741,267,C,438,389,HD11,LEU,PROA,447,protein,0
4.20785,245,HG12,437,11765,C26,POPC,MEMB,91,lipid,0
4.20816,242,HB,437,288,N,ALA,PROA,440,protein,0
4.20895,256,HA,438,365,HE2,PHE,PROA,445,protein,0
4.21204,262,HG13,438,1023,O,ALA,PROB,440,protein,0
4.21281,251,C,437,273,CB,ILE,PROA,439,protein,0
4.21443,254,HN,438,298,N,SER,PROA,441,protein,0
4.21468,250,HG23,437,12646,C316,POPC,MEMB,98,lipid,0
4.21576,244,HG11,437,13118,C211,POPC,MEMB,102,lipid,0
4.21609,245,HG12,437,12640,C314,POPC,MEMB,98,lipid,0
4.21617,264,HG21,438,36291,H2,TIP3,TIP3,5558,water/ion,0
4.21698,255,CA,438,11762,C25,POPC,MEMB,91,lipid,0
4.21716,253,N,438,333,HG12,VAL,PROA,443,protein,0
4.21724,254,HN,438,392,CD2,LEU,PROA,447,protein,0
4.2176,255,CA,438,320,HG21,VAL,PROA,442,protein,0
4.21836,244,HG11,437,379,N,LEU,PROA,447,protein,0
4.21896,248,HG21,437,13146,C34,POPC,MEMB,102,lipid,0
4.21918,258,HB,438,320,HG21,VAL,PROA,442,protein,0
4.21941,248,HG21,437,12638,H13X,POPC,MEMB,98,lipid,0
4.21941,251,C,437,13120,H11S,POPC,MEMB,102,lipid,0
4.222,259,CG1,438,389,HD11,LEU,PROA,447,protein,0
4.22349,251,C,437,11758,H3S,POPC,MEMB,91,lipid,0
4.22578,240,HA,437,13152,C36,POPC,MEMB,102,lipid,0
4.22762,261,HG12,438,388,CD1,LEU,PROA,447,protein,0
4.22765,266,HG23,438,12305,H7R,POPC,MEMB,96,lipid,0
4.22833,267,C,438,393,HD21,LEU,PROA,447,protein,0
4.22995,237,N,437,13114,C29,POPC,MEMB,102,lipid,0
4.23052,250,HG23,437,52269,H26,L002,LIG,1,ligand,1
4.2314,260,HG11,438,12307,C28,POPC,MEMB,96,lipid,0
4.23241,266,HG23,438,336,HG21,VAL,PROA,443,protein,0
4.23286,254,HN,438,389,HD11,LEU,PROA,447,protein,0
4.23514,239,CA,437,11772,H8R,POPC,MEMB,91,lipid,0
4.23839,264,HG21,438,36289,OH2,TIP3,TIP3,5558,water/ion,0
4.23939,256,HA,438,310,HN,VAL,PROA,442,protein,0
4.24057,242,HB,437,13157,H7Y,POPC,MEMB,102,lipid,0
4.24309,240,HA,437,395,HD23,LEU,PROA,447,protein,0
4.2456,251,C,437,274,HB,ILE,PROA,439,protein,0
4.24676,264,HG21,438,965,CA,VAL,PROB,437,protein,0
4.24712,238,HN,437,12631,C311,POPC,MEMB,98,lipid,0
4.24746,262,HG13,438,11838,H14Y,POPC,MEMB,91,lipid,0
4.24793,237,N,437,13144,H3X,POPC,MEMB,102,lipid,0
4.25058,255,CA,438,11844,H16Y,POPC,MEMB,91,lipid,0
4.25101,254,HN,438,390,HD12,LEU,PROA,447,protein,0
4.2517,244,HG11,437,382,HA,LEU,PROA,447,protein,0
4.25317,253,N,438,394,HD22,LEU,PROA,447,protein,0
4.25418,246,HG13,437,309,N,VAL,PROA,442,protein,0
4.25542,238,HN,437,13143,C33,POPC,MEMB,102,lipid,0
4.25626,254,HN,438,288,N,ALA,PROA,440,protein,0
4.25785,264,HG21,438,969,CG1,VAL,PROB,437,protein,0
4.25844,251,C,437,296,C,ALA,PROA,440,protein,0
4.25872,245,HG12,437,26656,OH2,TIP3,TIP3,2347,water/ion,0
4.25905,238,HN,437,11768,C27,POPC,MEMB,91,lipid,0
4.25947,247,CG2,437,12646,C316,POPC,MEMB,98,lipid,0
4.26065,247,CG2,437,301,HA,SER,PROA,441,protein,0
4.26323,246,HG13,437,26657,H1,TIP3,TIP3,2347,water/ion,0
4.26368,242,HB,437,298,N,SER,PROA,441,protein,0
4.26447,252,O,437,394,HD22,LEU,PROA,447,protein,0
4.2646,240,HA,437,11774,C29,POPC,MEMB,91,lipid,0
4.26521,253,N,438,393,HD21,LEU,PROA,447,protein,0
4.26586,265,HG22,438,329,CB,VAL,PROA,443,protein,0
4.26685,258,HB,438,386,CG,LEU,PROA,447,protein,0
4.26701,246,HG13,437,26658,H2,TIP3,TIP3,2347,water/ion,0
4.26791,260,HG11,438,11840,H15X,POPC,MEMB,91,lipid,0
4.27013,246,HG13,437,11772,H8R,POPC,MEMB,91,lipid,0
4.27092,260,HG11,438,335,CG2,VAL,PROA,443,protein,0
4.27185,241,CB,437,286,C,ILE,PROA,439,protein,0
4.27185,250,HG23,437,290,CA,ALA,PROA,440,protein,0
4.27242,240,HA,437,224,HA,VAL,PROA,436,protein,0
4.27356,267,C,438,11774,C29,POPC,MEMB,91,lipid,0
4.27422,264,HG21,438,330,HB,VAL,PROA,443,protein,0
4.27427,239,CA,437,223,CA,VAL,PROA,436,protein,0
4.27547,244,HG11,437,13150,H5X,POPC,MEMB,102,lipid,0
4.27628,256,HA,438,270,HN,ILE,PROA,439,protein,0
4.27782,255,CA,438,11765,C26,POPC,MEMB,91,lipid,0
4.27898,240,HA,437,12632,H11X,POPC,MEMB,98,lipid,0
4.28039,254,HN,438,324,O,VAL,PROA,442,protein,0
4.28128,252,O,437,321,HG22,VAL,PROA,442,protein,0
4.2824,254,HN,438,387,HG,LEU,PROA,447,protein,0
4.28267,245,HG12,437,11772,H8R,POPC,MEMB,91,lipid,0
4.28418,261,HG12,438,333,HG12,VAL,PROA,443,protein,0
4.28512,247,CG2,437,300,CA,SER,PROA,441,protein,0
4.28533,249,HG22,437,12644,H15X,POPC,MEMB,98,lipid,0
4.29141,242,HB,437,299,HN,SER,PROA,441,protein,0
4.29161,247,CG2,437,11768,C27,POPC,MEMB,91,lipid,0
4.2929,252,O,437,324,O,VAL,PROA,442,protein,0
4.29384,244,HG11,437,272,HA,ILE,PROA,439,protein,0
4.2944,265,HG22,438,970,HG11,VAL,PROB,437,protein,0
4.29659,261,HG12,438,11833,C313,POPC,MEMB,91,lipid,0
4.29663,241,CB,437,11771,C28,POPC,MEMB,91,lipid,0
4.29805,263,CG2,438,320,HG21,VAL,PROA,442,protein,0
4.30122,239,CA,437,224,HA,VAL,PROA,436,protein,0
4.30558,264,HG21,438,389,HD11,LEU,PROA,447,protein,0
4.30658,241,CB,437,13117,H101,POPC,MEMB,102,lipid,0
4.30782,243,CG1,437,13149,C35,POPC,MEMB,102,lipid,0
4.31011,246,HG13,437,375,SG,CYS,PROA,446,protein,0
4.31078,254,HN,438,310,HN,VAL,PROA,442,protein,0
4.31097,255,CA,438,11842,C316,POPC,MEMB,91,lipid,0
4.31116,266,HG23,438,394,HD22,LEU,PROA,447,protein,0
4.31193,252,O,437,314,HB,VAL,PROA,442,protein,0
4.3129,261,HG12,438,327,CA,VAL,PROA,443,protein,0
4.31307,268,O,438,323,C,VAL,PROA,442,protein,0
4.31371,259,CG1,438,11830,C312,POPC,MEMB,91,lipid,0
4.31499,256,HA,438,328,HA,VAL,PROA,443,protein,0
4.31592,260,HG11,438,12310,C29,POPC,MEMB,96,lipid,0
4.31737,258,HB,438,383,CB,LEU,PROA,447,protein,0
4.31799,261,HG12,438,387,HG,LEU,PROA,447,protein,0
4.32153,255,CA,438,271,CA,ILE,PROA,439,protein,0
4.32455,251,C,437,390,HD12,LEU,PROA,447,protein,0
4.32582,249,HG22,437,13119,H11R,POPC,MEMB,102,lipid,0
4.328,245,HG12,437,298,N,SER,PROA,441,protein,0
4.3293,240,HA,437,236,O,VAL,PROA,436,protein,0
4.32997,252,O,437,11771,C28,POPC,MEMB,91,lipid,0
4.33142,267,C,438,395,HD23,LEU,PROA,447,protein,0
4.33303,256,HA,438,331,CG1,VAL,PROA,443,protein,0
4.33617,239,CA,437,300,CA,SER,PROA,441,protein,0
4.3419,237,N,437,294,HB2,ALA,PROA,440,protein,0
4.34335,265,HG22,438,336,HG21,VAL,PROA,443,protein,0
4.34335,268,O,438,12321,H13R,POPC,MEMB,96,lipid,0
4.3441,237,N,437,13152,C36,POPC,MEMB,102,lipid,0
4.3459,252,O,437,307,C,SER,PROA,441,protein,0
4.34599,255,CA,438,11759,C24,POPC,MEMB,91,lipid,0
4.34821,256,HA,438,11832,H12Y,POPC,MEMB,91,lipid,0
4.35095,237,N,437,27808,OH2,TIP3,TIP3,2731,water/ion,0
4.3519,242,HB,437,290,CA,ALA,PROA,440,protein,0
4.35266,267,C,438,394,HD22,LEU,PROA,447,protein,0
4.35329,261,HG12,438,391,HD13,LEU,PROA,447,protein,0
4.35453,260,HG11,438,11845,H16Z,POPC,MEMB,91,lipid,0
4.35522,241,CB,437,301,HA,SER,PROA,441,protein,0
4.35736,255,CA,438,11830,C312,POPC,MEMB,91,lipid,0
4.35788,265,HG22,438,12309,H8S,POPC,MEMB,96,lipid,0
4.35879,260,HG11,438,36290,H1,TIP3,TIP3,5558,water/ion,0
4.36005,250,HG23,437,11770,H7S,POPC,MEMB,91,lipid,0
4.36175,267,C,438,11766,H6R,POPC,MEMB,91,lipid,0
4.36357,263,CG2,438,970,HG11,VAL,PROB,437,protein,0
4.37063,239,CA,437,383,CB,LEU,PROA,447,protein,0
4.37081,267,C,438,325,N,VAL,PROA,443,protein,0
4.3734,237,N,437,299,HN,SER,PROA,441,protein,0
4.37492,242,HB,437,12631,C311,POPC,MEMB,98,lipid,0
4.3752,250,HG23,437,13149,C35,POPC,MEMB,102,lipid,0
4.37708,248,HG21,437,12649,H16Z,POPC,MEMB,98,lipid,0
4.37785,240,HA,437,383,CB,LEU,PROA,447,protein,0
4.38021,263,CG2,438,387,HG,LEU,PROA,447,protein,0
4.38074,254,HN,438,11769,H7R,POPC,MEMB,91,lipid,0
4.38086,237,N,437,13148,H4Y,POPC,MEMB,102,lipid,0
4.38312,249,HG22,437,26656,OH2,TIP3,TIP3,2347,water/ion,0
4.38433,264,HG21,438,976,HG23,VAL,PROB,437,protein,0
4.38489,237,N,437,222,HN,VAL,PROA,436,protein,0
4.38606,261,HG12,438,11830,C312,POPC,MEMB,91,lipid,0
4.39197,252,O,437,11756,C23,POPC,MEMB,91,lipid,0
4.392,252,O,437,300,CA,SER,PROA,441,protein,0
4.39201,244,HG11,437,307,C,SER,PROA,441,protein,0
4.39237,257,CB,438,334,HG13,VAL,PROA,443,protein,0
4.3942,268,O,438,325,N,VAL,PROA,443,protein,0
4.39441,266,HG23,438,338,HG23,VAL,PROA,443,protein,0
4.39479,240,HA,437,11773,H8S,POPC,MEMB,91,lipid,0
4.39993,257,CB,438,337,HG22,VAL,PROA,443,protein,0
4.40203,255,CA,438,394,HD22,LEU,PROA,447,protein,0
4.4029,251,C,437,291,HA,ALA,PROA,440,protein,0
4.40619,262,HG13,438,325,N,VAL,PROA,443,protein,0
4.40708,238,HN,437,12629,H10X,POPC,MEMB,98,lipid,0
4.40718,264,HG21,438,337,HG22,VAL,PROA,443,protein,0
4.40745,268,O,438,392,CD2,LEU,PROA,447,protein,0
4.41008,246,HG13,437,12648,H16Y,POPC,MEMB,98,lipid,0
4.41052,253,N,438,290,CA,ALA,PROA,440,protein,0
4.4107,246,HG13,437,310,HN,VAL,PROA,442,protein,0
4.41223,256,HA,438,11843,H16X,POPC,MEMB,91,lipid,0
4.4127,257,CB,438,974,HG21,VAL,PROB,437,protein,0
4.41708,240,HA,437,11759,C24,POPC,MEMB,91,lipid,0
4.41767,264,HG21,438,1018,CB,ALA,PROB,440,protein,0
4.41872,247,CG2,437,13146,C34,POPC,MEMB,102,lipid,0
4.42018,256,HA,438,11765,C26,POPC,MEMB,91,lipid,0
4.42139,254,HN,438,296,C,ALA,PROA,440,protein,0
4.42382,252,O,437,270,HN,ILE,PROA,439,protein,0
4.42408,237,N,437,274,HB,ILE,PROA,439,protein,0
4.42419,259,CG1,438,12309,H8S,POPC,MEMB,96,lipid,0
4.42462,238,HN,437,271,CA,ILE,PROA,439,protein,0
4.42612,246,HG13,437,297,O,ALA,PROA,440,protein,0
4.4265,245,HG12,437,13155,C37,POPC,MEMB,102,lipid,0
4.42797,263,CG2,438,1020,HB2,ALA,PROB,440,protein,0
4.43061,240,HA,437,298,N,SER,PROA,441,protein,0
4.43084,261,HG12,438,332,HG11,VAL,PROA,443,protein,0
4.43269,244,HG11,437,11763,H5R,POPC,MEMB,91,lipid,0
4.43392,249,HG22,437,12647,H16X,POPC,MEMB,98,lipid,0
4.43468,240,HA,437,393,HD21,LEU,PROA,447,protein,0
4.43573,259,CG1,438,11836,C314,POPC,MEMB,91,lipid,0
4.43696,251,C,437,11828,H11X,POPC,MEMB,91,lipid,0
4.43714,254,HN,438,269,N,ILE,PROA,439,protein,0
4.44068,255,CA,438,321,HG22,VAL,PROA,442,protein,0
4.44235,238,HN,437,13154,H6Y,POPC,MEMB,102,lipid,0
4.44434,241,CB,437,13147,H4X,POPC,MEMB,102,lipid,0
4.44516,243,CG1,437,26656,OH2,TIP3,TIP3,2347,water/ion,0
4.44845,241,CB,437,291,HA,ALA,PROA,440,protein,0
4.44914,252,O,437,11758,H3S,POPC,MEMB,91,lipid,0
4.44927,249,HG22,437,11770,H7S,POPC,MEMB,91,lipid,0
4.45169,247,CG2,437,52270,H27,L002,LIG,1,ligand,1
4.45219,250,HG23,437,13153,H6X,POPC,MEMB,102,lipid,0
4.45343,257,CB,438,320,HG21,VAL,PROA,442,protein,0
4.45374,250,HG23,437,52245,H2,L002,LIG,1,ligand,1
4.45382,241,CB,437,13116,C210,POPC,MEMB,102,lipid,0
4.45579,264,HG21,438,12309,H8S,POPC,MEMB,96,lipid,0
4.45631,255,CA,438,327,CA,VAL,PROA,443,protein,0
4.4565,256,HA,438,11831,H12X,POPC,MEMB,91,lipid,0
4.45669,247,CG2,437,11769,H7R,POPC,MEMB,91,lipid,0
4.45774,247,CG2,437,291,HA,ALA,PROA,440,protein,0
4.45892,254,HN,438,325,N,VAL,PROA,443,protein,0
4.46083,249,HG22,437,228,HG11,VAL,PROA,436,protein,0
4.46125,237,N,437,11759,C24,POPC,MEMB,91,lipid,0
4.46391,237,N,437,219,C,ALA,PROA,435,protein,0
4.46466,238,HN,437,12630,H10Y,POPC,MEMB,98,lipid,0
4.46542,252,O,437,293,HB1,ALA,PROA,440,protein,0
4.4669,248,HG21,437,12642,H14Y,POPC,MEMB,98,lipid,0
4.46798,256,HA,438,11760,H4R,POPC,MEMB,91,lipid,0
4.468,251,C,437,319,CG2,VAL,PROA,442,protein,0
4.46806,263,CG2,438,313,CB,VAL,PROA,442,protein,0
4.46857,253,N,438,270,HN,ILE,PROA,439,protein,0
4.46992,264,HG21,438,966,HA,VAL,PROB,437,protein,0
4.47231,253,N,438,325,N,VAL,PROA,443,protein,0
4.47235,265,HG22,438,338,HG23,VAL,PROA,443,protein,0
4.47703,251,C,437,311,CA,VAL,PROA,442,protein,0
4.47839,242,HB,437,297,O,ALA,PROA,440,protein,0
4.47871,247,CG2,437,12644,H15X,POPC,MEMB,98,lipid,0
4.47897,240,HA,437,13115,H91,POPC,MEMB,102,lipid,0
4.4798,257,CB,438,384,HB1,LEU,PROA,447,protein,0
4.47988,266,HG23,438,969,CG1,VAL,PROB,437,protein,0
4.48234,259,CG1,438,11840,H15X,POPC,MEMB,91,lipid,0
4.48271,263,CG2,438,312,HA,VAL,PROA,442,protein,0
4.48366,251,C,437,298,N,SER,PROA,441,protein,0
4.48522,262,HG13,438,1021,HB3,ALA,PROB,440,protein,0
4.48965,259,CG1,438,323,C,VAL,PROA,442,protein,0
4.49021,256,HA,438,320,HG21,VAL,PROA,442,protein,0
4.49045,242,HB,437,287,O,ILE,PROA,439,protein,0
4.49208,261,HG12,438,331,CG1,VAL,PROA,443,protein,0
4.49283,245,HG12,437,12593,H14S,POPC,MEMB,98,lipid,0
4.49559,245,HG12,437,26657,H1,TIP3,TIP3,2347,water/ion,0
4.49592,253,N,438,307,C,SER,PROA,441,protein,0
4.49934,261,HG12,438,365,HE2,PHE,PROA,445,protein,0
4.49974,247,CG2,437,12640,C314,POPC,MEMB,98,lipid,0
4.50181,244,HG11,437,11775,H91,POPC,MEMB,91,lipid,0
4.50273,242,HB,437,13123,H12S,POPC,MEMB,102,lipid,0
4.50712,245,HG12,437,308,O,SER,PROA,441,protein,0
4.50819,251,C,437,11772,H8R,POPC,MEMB,91,lipid,0
4.50959,240,HA,437,223,CA,VAL,PROA,436,protein,0
4.51019,246,HG13,437,373,HB1,CYS,PROA,446,protein,0
4.511,239,CA,437,11760,H4R,POPC,MEMB,91,lipid,0
4.51137,242,HB,437,12641,H14X,POPC,MEMB,98,lipid,0
4.51182,247,CG2,437,13148,H4Y,POPC,MEMB,102,lipid,0
4.51247,253,N,438,11758,H3S,POPC,MEMB,91,lipid,0
4.51458,243,CG1,437,11773,H8S,POPC,MEMB,91,lipid,0
4.51527,240,HA,437,269,N,ILE,PROA,439,protein,0
4.51583,266,HG23,438,392,CD2,LEU,PROA,447,protein,0
4.51652,261,HG12,438,11831,H12X,POPC,MEMB,91,lipid,0
4.51658,258,HB,438,975,HG22,VAL,PROB,437,protein,0
4.51815,259,CG1,438,12313,H101,POPC,MEMB,96,lipid,0
4.51878,268,O,438,11783,H12S,POPC,MEMB,91,lipid,0
4.51884,240,HA,437,13147,H4X,POPC,MEMB,102,lipid,0
4.51964,252,O,437,298,N,SER,PROA,441,protein,0
4.52116,238,HN,437,13145,H3Y,POPC,MEMB,102,lipid,0
4.52154,268,O,438,389,HD11,LEU,PROA,447,protein,0
4.52476,249,HG22,437,224,HA,VAL,PROA,436,protein,0
4.52586,252,O,437,11773,H8S,POPC,MEMB,91,lipid,0
4.52692,266,HG23,438,319,CG2,VAL,PROA,442,protein,0
4.52721,267,C,438,338,HG23,VAL,PROA,443,protein,0
4.52748,256,HA,438,342,HN,GLY,PROA,444,protein,0
4.52995,263,CG2,438,976,HG23,VAL,PROB,437,protein,0
4.53001,267,C,438,11768,C27,POPC,MEMB,91,lipid,0
4.53316,255,CA,438,309,N,VAL,PROA,442,protein,0
4.53339,252,O,437,289,HN,ALA,PROA,440,protein,0
4.53413,251,C,437,11774,C29,POPC,MEMB,91,lipid,0
4.53419,244,HG11,437,381,CA,LEU,PROA,447,protein,0
4.53585,244,HG11,437,13151,H5Y,POPC,MEMB,102,lipid,0
4.53713,238,HN,437,233,HG22,VAL,PROA,436,protein,0
4.53749,262,HG13,438,12309,H8S,POPC,MEMB,96,lipid,0
4.53796,249,HG22,437,12638,H13X,POPC,MEMB,98,lipid,0
4.53881,266,HG23,438,321,HG22,VAL,PROA,442,protein,0
4.53941,268,O,438,12313,H101,POPC,MEMB,96,lipid,0
4.54011,240,HA,437,13154,H6Y,POPC,MEMB,102,lipid,0
4.54194,249,HG22,437,13117,H101,POPC,MEMB,102,lipid,0
4.54417,237,N,437,295,HB3,ALA,PROA,440,protein,0
4.54426,261,HG12,438,386,CG,LEU,PROA,447,protein,0
4.54655,240,HA,437,276,HG21,ILE,PROA,439,protein,0
4.5481,259,CG1,438,11831,H12X,POPC,MEMB,91,lipid,0
4.54888,244,HG11,437,298,N,SER,PROA,441,protein,0
4.54957,257,CB,438,968,HB,VAL,PROB,437,protein,0
4.55083,261,HG12,438,328,HA,VAL,PROA,443,protein,0
4.55236,238,HN,437,219,C,ALA,PROA,435,protein,0
4.55414,263,CG2,438,11832,H12Y,POPC,MEMB,91,lipid,0
4.55677,239,CA,437,293,HB1,ALA,PROA,440,protein,0
4.55781,237,N,437,228,HG11,VAL,PROA,436,protein,0
4.55842,260,HG11,438,11827,C311,POPC,MEMB,91,lipid,0
4.56071,251,C,437,293,HB1,ALA,PROA,440,protein,0
4.56294,249,HG22,437,288,N,ALA,PROA,440,protein,0
4.5636,252,O,437,296,C,ALA,PROA,440,protein,0
4.56366,254,HN,438,286,C,ILE,PROA,439,protein,0
4.56394,241,CB,437,27810,H2,TIP3,TIP3,2731,water/ion,0
4.56402,256,HA,438,321,HG22,VAL,PROA,442,protein,0
4.56447,250,HG23,437,52243,C19,L002,LIG,1,ligand,1
4.56595,260,HG11,438,326,HN,VAL,PROA,443,protein,0
4.56914,255,CA,438,329,CB,VAL,PROA,443,protein,0
4.57243,251,C,437,13119,H11R,POPC,MEMB,102,lipid,0
4.57278,267,C,438,322,HG23,VAL,PROA,442,protein,0
4.57334,262,HG13,438,322,HG23,VAL,PROA,442,protein,0
4.57665,259,CG1,438,327,CA,VAL,PROA,443,protein,0
4.57757,250,HG23,437,307,C,SER,PROA,441,protein,0
4.57839,253,N,438,11756,C23,POPC,MEMB,91,lipid,0
4.57911,249,HG22,437,12640,C314,POPC,MEMB,98,lipid,0
4.57948,259,CG1,438,11833,C313,POPC,MEMB,91,lipid,0
4.58041,249,HG22,437,11765,C26,POPC,MEMB,91,lipid,0
4.58121,256,HA,438,11838,H14Y,POPC,MEMB,91,lipid,0
4.58283,238,HN,437,11765,C26,POPC,MEMB,91,lipid,0
4.58351,246,HG13,437,13119,H11R,POPC,MEMB,102,lipid,0
4.58546,255,CA,438,331,CG1,VAL,PROA,443,protein,0
4.58645,238,HN,437,297,O,ALA,PROA,440,protein,0
4.58675,244,HG11,437,299,HN,SER,PROA,441,protein,0
4.5876,244,HG11,437,383,CB,LEU,PROA,447,protein,0
4.59033,254,HN,438,316,HG11,VAL,PROA,442,protein,0
4.59061,249,HG22,437,12646,C316,POPC,MEMB,98,lipid,0
4.59175,251,C,437,292,CB,ALA,PROA,440,protein,0
4.59362,237,N,437,12632,H11X,POPC,MEMB,98,lipid,0
4.59611,241,CB,437,307,C,SER,PROA,441,protein,0
4.59689,268,O,438,271,CA,ILE,PROA,439,protein,0
4.59713,264,HG21,438,327,CA,VAL,PROA,443,protein,0
4.59822,237,N,437,13154,H6Y,POPC,MEMB,102,lipid,0
4.59916,247,CG2,437,12641,H14X,POPC,MEMB,98,lipid,0
4.59974,243,CG1,437,13118,C211,POPC,MEMB,102,lipid,0
4.60085,239,CA,437,13147,H4X,POPC,MEMB,102,lipid,0
4.60089,261,HG12,438,11837,H14X,POPC,MEMB,91,lipid,0
4.60151,265,HG22,438,335,CG2,VAL,PROA,443,protein,0
4.60207,259,CG1,438,324,O,VAL,PROA,442,protein,0
4.60315,263,CG2,438,325,N,VAL,PROA,443,protein,0
4.60419,254,HN,438,305,OG,SER,PROA,441,protein,0
4.60576,243,CG1,437,13157,H7Y,POPC,MEMB,102,lipid,0
4.60752,256,HA,438,336,HG21,VAL,PROA,443,protein,0
4.60783,256,HA,438,11773,H8S,POPC,MEMB,91,lipid,0
4.60941,253,N,438,11771,C28,POPC,MEMB,91,lipid,0
4.61124,256,HA,438,382,HA,LEU,PROA,447,protein,0
4.61343,261,HG12,438,385,HB2,LEU,PROA,447,protein,0
4.61389,246,HG13,437,52254,H11,L002,LIG,1,ligand,1
4.61394,255,CA,438,335,CG2,VAL,PROA,443,protein,0
4.61507,258,HB,438,384,HB1,LEU,PROA,447,protein,0
4.61706,257,CB,438,269,N,ILE,PROA,439,protein,0
4.61716,256,HA,438,339,C,VAL,PROA,443,protein,0
4.61747,243,CG1,437,297,O,ALA,PROA,440,protein,0
4.61771,265,HG22,438,969,CG1,VAL,PROB,437,protein,0
4.61805,266,HG23,438,12310,C29,POPC,MEMB,96,lipid,0
4.62035,249,HG22,437,225,CB,VAL,PROA,436,protein,0
4.6207,241,CB,437,11764,H5S,POPC,MEMB,91,lipid,0
4.62075,244,HG11,437,13124,C213,POPC,MEMB,102,lipid,0
4.621,248,HG21,437,26658,H2,TIP3,TIP3,2347,water/ion,0
4.62202,254,HN,438,292,CB,ALA,PROA,440,protein,0
4.62219,256,HA,438,11839,C315,POPC,MEMB,91,lipid,0
4.6256,258,HB,438,968,HB,VAL,PROB,437,protein,0
4.6273,266,HG23,438,395,HD23,LEU,PROA,447,protein,0
4.62793,265,HG22,438,395,HD23,LEU,PROA,447,protein,0
4.62871,267,C,438,11837,H14X,POPC,MEMB,91,lipid,0
4.62926,260,HG11,438,394,HD22,LEU,PROA,447,protein,0
4.62955,246,HG13,437,11771,C28,POPC,MEMB,91,lipid,0
4.62968,253,N,438,300,CA,SER,PROA,441,protein,0
4.63187,260,HG11,438,333,HG12,VAL,PROA,443,protein,0
4.6344,245,HG12,437,301,HA,SER,PROA,441,protein,0
4.63631,253,N,438,310,HN,VAL,PROA,442,protein,0
4.63699,258,HB,438,11760,H4R,POPC,MEMB,91,lipid,0
4.63727,265,HG22,438,11762,C25,POPC,MEMB,91,lipid,0
4.63728,240,HA,437,392,CD2,LEU,PROA,447,protein,0
4.63784,249,HG22,437,294,HB2,ALA,PROA,440,protein,0
4.63785,257,CB,438,330,HB,VAL,PROA,443,protein,0
4.64059,267,C,438,11835,H13Y,POPC,MEMB,91,lipid,0
4.64129,258,HB,438,340,O,VAL,PROA,443,protein,0
4.64151,252,O,437,310,HN,VAL,PROA,442,protein,0
4.64278,243,CG1,437,13120,H11S,POPC,MEMB,102,lipid,0
4.64464,260,HG11,438,36291,H2,TIP3,TIP3,5558,water/ion,0
4.64485,246,HG13,437,12645,H15Y,POPC,MEMB,98,lipid,0
4.64625,255,CA,438,393,HD21,LEU,PROA,447,protein,0
4.64653,253,N,438,11770,H7S,POPC,MEMB,91,lipid,0
4.64665,257,CB,438,12309,H8S,POPC,MEMB,96,lipid,0
4.64916,265,HG22,438,11758,H3S,POPC,MEMB,91,lipid,0
4.64978,250,HG23,437,308,O,SER,PROA,441,protein,0
4.65057,254,HN,438,271,CA,ILE,PROA,439,protein,0
4.65145,238,HN,437,13121,C212,POPC,MEMB,102,lipid,0
4.65148,238,HN,437,13122,H12R,POPC,MEMB,102,lipid,0
4.65226,258,HB,438,387,HG,LEU,PROA,447,protein,0
4.6543,250,HG23,437,11769,H7R,POPC,MEMB,91,lipid,0
4.65569,257,CB,438,975,HG22,VAL,PROB,437,protein,0
4.65581,242,HB,437,11766,H6R,POPC,MEMB,91,lipid,0
4.65602,242,HB,437,27810,H2,TIP3,TIP3,2731,water/ion,0
4.65719,247,CG2,437,26658,H2,TIP3,TIP3,2347,water/ion,0
4.65719,257,CB,438,392,CD2,LEU,PROA,447,protein,0
4.65744,262,HG13,438,1018,CB,ALA,PROB,440,protein,0
4.65748,261,HG12,438,384,HB1,LEU,PROA,447,protein,0
4.65764,242,HB,437,12643,C315,POPC,MEMB,98,lipid,0
4.6584,239,CA,437,11761,H4S,POPC,MEMB,91,lipid,0
4.65922,244,HG11,437,11774,C29,POPC,MEMB,91,lipid,0
4.66308,244,HG11,437,13155,C37,POPC,MEMB,102,lipid,0
4.66335,238,HN,437,11767,H6S,POPC,MEMB,91,lipid,0
4.67212,267,C,438,381,CA,LEU,PROA,447,protein,0
4.67307,255,CA,438,11768,C27,POPC,MEMB,91,lipid,0
4.67331,257,CB,438,11838,H14Y,POPC,MEMB,91,lipid,0
4.67412,252,O,437,333,HG12,VAL,PROA,443,protein,0
4.67488,238,HN,437,273,CB,ILE,PROA,439,protein,0
4.67573,251,C,437,11757,H3R,POPC,MEMB,91,lipid,0
4.67628,266,HG23,438,1020,HB2,ALA,PROB,440,protein,0
4.67684,266,HG23,438,976,HG23,VAL,PROB,437,protein,0
4.67722,264,HG21,438,325,N,VAL,PROA,443,protein,0
4.67829,262,HG13,438,327,CA,VAL,PROA,443,protein,0
4.68021,240,HA,437,275,CG2,ILE,PROA,439,protein,0
4.68101,253,N,438,293,HB1,ALA,PROA,440,protein,0
4.68179,262,HG13,438,330,HB,VAL,PROA,443,protein,0
4.68193,250,HG23,437,11768,C27,POPC,MEMB,91,lipid,0
4.68374,240,HA,437,386,CG,LEU,PROA,447,protein,0
4.68421,244,HG11,437,13149,C35,POPC,MEMB,102,lipid,0
4.68434,266,HG23,438,11829,H11Y,POPC,MEMB,91,lipid,0
4.68469,259,CG1,438,11841,H15Y,POPC,MEMB,91,lipid,0
4.68527,242,HB,437,13148,H4Y,POPC,MEMB,102,lipid,0
4.68531,242,HB,437,274,HB,ILE,PROA,439,protein,0
4.6858,266,HG23,438,12304,C27,POPC,MEMB,96,lipid,0
4.6862,256,HA,438,389,HD11,LEU,PROA,447,protein,0
4.68655,267,C,438,311,CA,VAL,PROA,442,protein,0
4.68919,241,CB,437,12632,H11X,POPC,MEMB,98,lipid,0
4.69056,255,CA,438,11763,H5R,POPC,MEMB,91,lipid,0
4.69084,268,O,438,11776,C210,POPC,MEMB,91,lipid,0
4.69547,242,HB,437,12640,C314,POPC,MEMB,98,lipid,0
4.69564,264,HG21,438,1021,HB3,ALA,PROB,440,protein,0
4.69688,258,HB,438,389,HD11,LEU,PROA,447,protein,0
4.69842,257,CB,438,328,HA,VAL,PROA,443,protein,0
4.69853,256,HA,438,11841,H15Y,POPC,MEMB,91,lipid,0
4.69935,249,HG22,437,12648,H16Y,POPC,MEMB,98,lipid,0
4.7002,255,CA,438,11838,H14Y,POPC,MEMB,91,lipid,0
4.7044,264,HG21,438,971,HG12,VAL,PROB,437,protein,0
4.70454,260,HG11,438,392,CD2,LEU,PROA,447,protein,0
4.70488,247,CG2,437,52245,H2,L002,LIG,1,ligand,1
4.70529,245,HG12,437,13156,H7X,POPC,MEMB,102,lipid,0
4.70575,246,HG13,437,302,CB,SER,PROA,441,protein,0
4.7061,267,C,438,382,HA,LEU,PROA,447,protein,0
4.70662,254,HN,438,272,HA,ILE,PROA,439,protein,0
4.70674,260,HG11,438,269,N,ILE,PROA,439,protein,0
4.70834,250,HG23,437,302,CB,SER,PROA,441,protein,0
4.70844,237,N,437,271,CA,ILE,PROA,439,protein,0
4.70847,250,HG23,437,13152,C36,POPC,MEMB,102,lipid,0
4.7085,258,HB,438,974,HG21,VAL,PROB,437,protein,0
4.70903,255,CA,438,272,HA,ILE,PROA,439,protein,0
4.70903,258,HB,438,315,CG1,VAL,PROA,442,protein,0
4.7107,243,CG1,437,379,N,LEU,PROA,447,protein,0
4.71138,251,C,437,11745,H2R,POPC,MEMB,91,lipid,0
4.71314,266,HG23,438,11758,H3S,POPC,MEMB,91,lipid,0
4.71332,266,HG23,438,335,CG2,VAL,PROA,443,protein,0
4.71363,245,HG12,437,26658,H2,TIP3,TIP3,2347,water/ion,0
4.71391,267,C,438,11760,H4R,POPC,MEMB,91,lipid,0
4.71434,243,CG1,437,272,HA,ILE,PROA,439,protein,0
4.71489,268,O,438,11782,H12R,POPC,MEMB,91,lipid,0
4.71493,253,N,438,11773,H8S,POPC,MEMB,91,lipid,0
4.71612,258,HB,438,365,HE2,PHE,PROA,445,protein,0
4.71677,239,CA,437,385,HB2,LEU,PROA,447,protein,0
4.71802,251,C,437,303,HB1,SER,PROA,441,protein,0
4.72015,239,CA,437,273,CB,ILE,PROA,439,protein,0
4.7214,244,HG11,437,300,CA,SER,PROA,441,protein,0
4.72295,237,N,437,11764,H5S,POPC,MEMB,91,lipid,0
4.72442,238,HN,437,12628,C310,POPC,MEMB,98,lipid,0
4.72599,261,HG12,438,11843,H16X,POPC,MEMB,91,lipid,0
4.72611,237,N,437,12645,H15Y,POPC,MEMB,98,lipid,0
4.72763,256,HA,438,11762,C25,POPC,MEMB,91,lipid,0
4.73082,265,HG22,438,387,HG,LEU,PROA,447,protein,0
4.73162,250,HG23,437,11762,C25,POPC,MEMB,91,lipid,0
4.73255,239,CA,437,13152,C36,POPC,MEMB,102,lipid,0
4.7331,260,HG11,438,11841,H15Y,POPC,MEMB,91,lipid,0
4.73311,259,CG1,438,385,HB2,LEU,PROA,447,protein,0
4.7335,251,C,437,300,CA,SER,PROA,441,protein,0
4.73539,248,HG21,437,11765,C26,POPC,MEMB,91,lipid,0
4.73612,239,CA,437,11756,C23,POPC,MEMB,91,lipid,0
4.73645,248,HG21,437,13155,C37,POPC,MEMB,102,lipid,0
4.73782,250,HG23,437,12644,H15X,POPC,MEMB,98,lipid,0
4.73783,261,HG12,438,11844,H16Y,POPC,MEMB,91,lipid,0
4.73914,263,CG2,438,326,HN,VAL,PROA,443,protein,0
4.73917,251,C,437,11831,H12X,POPC,MEMB,91,lipid,0
4.7406,243,CG1,437,12641,H14X,POPC,MEMB,98,lipid,0
4.74082,244,HG11,437,12648,H16Y,POPC,MEMB,98,lipid,0
4.74138,268,O,438,11781,C212,POPC,MEMB,91,lipid,0
4.74241,241,CB,437,308,O,SER,PROA,441,protein,0
4.74264,239,CA,437,386,CG,LEU,PROA,447,protein,0
4.74369,250,HG23,437,291,HA,ALA,PROA,440,protein,0
4.74384,242,HB,437,11775,H91,POPC,MEMB,91,lipid,0
4.74501,263,CG2,438,969,CG1,VAL,PROB,437,protein,0
4.75266,251,C,437,309,N,VAL,PROA,442,protein,0
4.75612,246,HG13,437,13151,H5Y,POPC,MEMB,102,lipid,0
4.7564,255,CA,438,11829,H11Y,POPC,MEMB,91,lipid,0
4.75842,248,HG21,437,13122,H12R,POPC,MEMB,102,lipid,0
4.75896,239,CA,437,294,HB2,ALA,PROA,440,protein,0
4.75954,265,HG22,438,311,CA,VAL,PROA,442,protein,0
4.76016,267,C,438,12333,H17R,POPC,MEMB,96,lipid,0
4.7613,264,HG21,438,1023,O,ALA,PROB,440,protein,0
4.76154,241,CB,437,13121,C212,POPC,MEMB,102,lipid,0
4.76211,250,HG23,437,11764,H5S,POPC,MEMB,91,lipid,0
4.76312,265,HG22,438,11764,H5S,POPC,MEMB,91,lipid,0
4.76414,259,CG1,438,968,HB,VAL,PROB,437,protein,0
4.76419,262,HG13,438,12308,H8R,POPC,MEMB,96,lipid,0
4.76448,238,HN,437,27808,OH2,TIP3,TIP3,2731,water/ion,0
4.76602,264,HG21,438,313,CB,VAL,PROA,442,protein,0
4.7676,262,HG13,438,389,HD11,LEU,PROA,447,protein,0
4.76881,237,N,437,293,HB1,ALA,PROA,440,protein,0
4.76929,260,HG11,438,322,HG23,VAL,PROA,442,protein,0
4.77194,241,CB,437,289,HN,ALA,PROA,440,protein,0
4.77362,240,HA,437,11764,H5S,POPC,MEMB,91,lipid,0
4.77373,242,HB,437,12637,C313,POPC,MEMB,98,lipid,0
4.77415,248,HG21,437,11768,C27,POPC,MEMB,91,lipid,0
4.77502,254,HN,438,11758,H3S,POPC,MEMB,91,lipid,0
4.77835,255,CA,438,11828,H11X,POPC,MEMB,91,lipid,0
4.77935,264,HG21,438,326,HN,VAL,PROA,443,protein,0
4.78023,264,HG21,438,11760,H4R,POPC,MEMB,91,lipid,0
4.78254,249,HG22,437,12637,C313,POPC,MEMB,98,lipid,0
4.7847,262,HG13,438,11834,H13X,POPC,MEMB,91,lipid,0
4.78482,248,HG21,437,11763,H5R,POPC,MEMB,91,lipid,0
4.78535,250,HG23,437,305,OG,SER,PROA,441,protein,0
4.78587,261,HG12,438,322,HG23,VAL,PROA,442,protein,0
4.78598,257,CB,438,11831,H12X,POPC,MEMB,91,lipid,0
4.7867,254,HN,438,11756,C23,POPC,MEMB,91,lipid,0
4.78822,247,CG2,437,11762,C25,POPC,MEMB,91,lipid,0
4.78993,254,HN,438,304,HB2,SER,PROA,441,protein,0
4.79026,243,CG1,437,26657,H1,TIP3,TIP3,2347,water/ion,0
4.79056,238,HN,437,11762,C25,POPC,MEMB,91,lipid,0
4.79077,255,CA,438,11780,H11S,POPC,MEMB,91,lipid,0
4.79149,239,CA,437,392,CD2,LEU,PROA,447,protein,0
4.79193,256,HA,438,392,CD2,LEU,PROA,447,protein,0
4.7921,242,HB,437,12630,H10Y,POPC,MEMB,98,lipid,0
4.79219,248,HG21,437,12632,H11X,POPC,MEMB,98,lipid,0
4.79224,239,CA,437,13122,H12R,POPC,MEMB,102,lipid,0
4.79269,263,CG2,438,327,CA,VAL,PROA,443,protein,0
4.79378,263,CG2,438,978,O,VAL,PROB,437,protein,0
4.79466,237,N,437,11756,C23,POPC,MEMB,91,lipid,0
4.79614,256,HA,438,11768,C27,POPC,MEMB,91,lipid,0
4.79617,238,HN,437,285,HD3,ILE,PROA,439,protein,0
4.79647,247,CG2,437,288,N,ALA,PROA,440,protein,0
4.79683,266,HG23,438,12313,H101,POPC,MEMB,96,lipid,0
4.79777,241,CB,437,287,O,ILE,PROA,439,protein,0
4.79925,265,HG22,438,977,C,VAL,PROB,437,protein,0
4.80033,239,CA,437,11773,H8S,POPC,MEMB,91,lipid,0
4.80213,238,HN,437,222,HN,VAL,PROA,436,protein,0
4.80231,240,HA,437,297,O,ALA,PROA,440,protein,0
4.80233,250,HG23,437,376,HG1,CYS,PROA,446,protein,0
4.80309,252,O,437,302,CB,SER,PROA,441,protein,0
4.80342,246,HG13,437,11762,C25,POPC,MEMB,91,lipid,0
4.8039,252,O,437,287,O,ILE,PROA,439,protein,0
4.80475,252,O,437,292,CB,ALA,PROA,440,protein,0
4.80483,247,CG2,437,13117,H101,POPC,MEMB,102,lipid,0
4.80561,246,HG13,437,13152,C36,POPC,MEMB,102,lipid,0
4.80563,246,HG13,437,11773,H8S,POPC,MEMB,91,lipid,0
4.80604,253,N,438,11831,H12X,POPC,MEMB,91,lipid,0
4.80658,245,HG12,437,296,C,ALA,PROA,440,protein,0
4.80741,249,HG22,437,292,CB,ALA,PROA,440,protein,0
4.8082,255,CA,438,11773,H8S,POPC,MEMB,91,lipid,0
4.80888,268,O,438,394,HD22,LEU,PROA,447,protein,0
4.81081,260,HG11,438,11835,H13Y,POPC,MEMB,91,lipid,0
4.81089,242,HB,437,13156,H7X,POPC,MEMB,102,lipid,0
4.81103,239,CA,437,295,HB3,ALA,PROA,440,protein,0
4.81235,246,HG13,437,381,CA,LEU,PROA,447,protein,0
4.81296,258,HB,438,11766,H6R,POPC,MEMB,91,lipid,0
4.81641,263,CG2,438,11759,C24,POPC,MEMB,91,lipid,0
4.81676,245,HG12,437,300,CA,SER,PROA,441,protein,0
4.81736,239,CA,437,393,HD21,LEU,PROA,447,protein,0
4.81889,237,N,437,13143,C33,POPC,MEMB,102,lipid,0
4.82126,243,CG1,437,13121,C212,POPC,MEMB,102,lipid,0
4.82152,250,HG23,437,52242,C18,L002,LIG,1,ligand,1
4.82308,242,HB,437,12634,C312,POPC,MEMB,98,lipid,0
4.82344,257,CB,438,11830,C312,POPC,MEMB,91,lipid,0
4.8238,248,HG21,437,11769,H7R,POPC,MEMB,91,lipid,0
4.82477,255,CA,438,381,CA,LEU,PROA,447,protein,0
4.82691,260,HG11,438,332,HG11,VAL,PROA,443,protein,0
4.82864,246,HG13,437,377,C,CYS,PROA,446,protein,0
4.8293,262,HG13,438,12313,H101,POPC,MEMB,96,lipid,0
4.82987,258,HB,438,342,HN,GLY,PROA,444,protein,0
4.83286,250,HG23,437,11766,H6R,POPC,MEMB,91,lipid,0
4.83368,242,HB,437,271,CA,ILE,PROA,439,protein,0
4.83376,265,HG22,438,965,CA,VAL,PROB,437,protein,0
4.83397,259,CG1,438,1020,HB2,ALA,PROB,440,protein,0
4.83511,259,CG1,438,314,HB,VAL,PROA,442,protein,0
4.83642,256,HA,438,337,HG22,VAL,PROA,443,protein,0
4.83648,237,N,437,13112,H8R,POPC,MEMB,102,lipid,0
4.83654,264,HG21,438,1019,HB1,ALA,PROB,440,protein,0
4.83715,260,HG11,438,11839,C315,POPC,MEMB,91,lipid,0
4.83728,244,HG11,437,301,HA,SER,PROA,441,protein,0
4.83769,255,CA,438,11764,H5S,POPC,MEMB,91,lipid,0
4.83814,241,CB,437,26656,OH2,TIP3,TIP3,2347,water/ion,0
4.83887,238,HN,437,292,CB,ALA,PROA,440,protein,0
4.83997,242,HB,437,289,HN,ALA,PROA,440,protein,0
4.84156,248,HG21,437,13157,H7Y,POPC,MEMB,102,lipid,0
4.84203,239,CA,437,13154,H6Y,POPC,MEMB,102,lipid,0
4.84296,251,C,437,307,C,SER,PROA,441,protein,0
4.84333,242,HB,437,13126,H13S,POPC,MEMB,102,lipid,0
4.84426,257,CB,438,395,HD23,LEU,PROA,447,protein,0
4.84458,243,CG1,437,12643,C315,POPC,MEMB,98,lipid,0
4.84564,245,HG12,437,380,HN,LEU,PROA,447,protein,0
4.84581,262,HG13,438,334,HG13,VAL,PROA,443,protein,0
4.84681,248,HG21,437,13117,H101,POPC,MEMB,102,lipid,0
4.84709,253,N,438,11845,H16Z,POPC,MEMB,91,lipid,0
4.85167,252,O,437,325,N,VAL,PROA,443,protein,0
4.85185,237,N,437,227,CG1,VAL,PROA,436,protein,0
4.85334,245,HG12,437,12649,H16Z,POPC,MEMB,98,lipid,0
4.8535,240,HA,437,13123,H12S,POPC,MEMB,102,lipid,0
4.85525,265,HG22,438,978,O,VAL,PROB,437,protein,0
4.85881,258,HB,438,309,N,VAL,PROA,442,protein,0
4.86088,268,O,438,11773,H8S,POPC,MEMB,91,lipid,0
4.86339,253,N,438,11832,H12Y,POPC,MEMB,91,lipid,0
4.86563,240,HA,437,299,HN,SER,PROA,441,protein,0
4.86575,264,HG21,438,320,HG21,VAL,PROA,442,protein,0
4.86685,253,N,438,326,HN,VAL,PROA,443,protein,0
4.86773,256,HA,438,332,HG11,VAL,PROA,443,protein,0
4.86793,248,HG21,437,13156,H7X,POPC,MEMB,102,lipid,0
4.86899,241,CB,437,13146,C34,POPC,MEMB,102,lipid,0
4.86991,240,HA,437,12630,H10Y,POPC,MEMB,98,lipid,0
4.87134,267,C,438,12320,C213,POPC,MEMB,96,lipid,0
4.87374,242,HB,437,13114,C29,POPC,MEMB,102,lipid,0
4.87392,268,O,438,12333,H17R,POPC,MEMB,96,lipid,0
4.8759,258,HB,438,341,N,GLY,PROA,444,protein,0
4.87623,239,CA,437,220,O,ALA,PROA,435,protein,0
4.87623,253,N,438,298,N,SER,PROA,441,protein,0
4.87786,265,HG22,438,392,CD2,LEU,PROA,447,protein,0
4.88207,243,CG1,437,12646,C316,POPC,MEMB,98,lipid,0
4.88237,260,HG11,438,11837,H14X,POPC,MEMB,91,lipid,0
4.88384,263,CG2,438,11761,H4S,POPC,MEMB,91,lipid,0
4.88691,238,HN,437,231,CG2,VAL,PROA,436,protein,0
4.88705,240,HA,437,220,O,ALA,PROA,435,protein,0
4.88813,263,CG2,438,330,HB,VAL,PROA,443,protein,0
4.89032,245,HG12,437,11763,H5R,POPC,MEMB,91,lipid,0
4.89114,263,CG2,438,323,C,VAL,PROA,442,protein,0
4.89218,250,HG23,437,52254,H11,L002,LIG,1,ligand,1
4.8926,259,CG1,438,12308,H8R,POPC,MEMB,96,lipid,0
4.89289,268,O,438,12312,C210,POPC,MEMB,96,lipid,0
4.8956,263,CG2,438,392,CD2,LEU,PROA,447,protein,0
4.89567,239,CA,437,13114,C29,POPC,MEMB,102,lipid,0
4.89616,245,HG12,437,375,SG,CYS,PROA,446,protein,0
4.89738,256,HA,438,11769,H7R,POPC,MEMB,91,lipid,0
4.89744,258,HB,438,317,HG12,VAL,PROA,442,protein,0
4.89787,263,CG2,438,395,HD23,LEU,PROA,447,protein,0
4.89791,261,HG12,438,12313,H101,POPC,MEMB,96,lipid,0
4.89829,266,HG23,438,11759,C24,POPC,MEMB,91,lipid,0
4.90101,258,HB,438,11832,H12Y,POPC,MEMB,91,lipid,0
4.90152,242,HB,437,291,HA,ALA,PROA,440,protein,0
4.90258,237,N,437,11769,H7R,POPC,MEMB,91,lipid,0
4.90477,261,HG12,438,383,CB,LEU,PROA,447,protein,0
4.90484,250,HG23,437,13147,H4X,POPC,MEMB,102,lipid,0
4.90524,239,CA,437,307,C,SER,PROA,441,protein,0
4.90676,237,N,437,233,HG22,VAL,PROA,436,protein,0
4.90706,237,N,437,395,HD23,LEU,PROA,447,protein,0
4.90793,254,HN,438,331,CG1,VAL,PROA,443,protein,0
4.90831,252,O,437,11831,H12X,POPC,MEMB,91,lipid,0
4.90882,247,CG2,437,306,HG1,SER,PROA,441,protein,0
4.90972,262,HG13,438,11845,H16Z,POPC,MEMB,91,lipid,0
4.90995,252,O,437,381,CA,LEU,PROA,447,protein,0
4.91114,248,HG21,437,301,HA,SER,PROA,441,protein,0
4.91147,241,CB,437,12643,C315,POPC,MEMB,98,lipid,0
4.9129,268,O,438,312,HA,VAL,PROA,442,protein,0
4.91488,259,CG1,438,11842,C316,POPC,MEMB,91,lipid,0
4.91621,249,HG22,437,300,CA,SER,PROA,441,protein,0
4.91686,253,N,438,289,HN,ALA,PROA,440,protein,0
4.91721,265,HG22,438,385,HB2,LEU,PROA,447,protein,0
4.91723,242,HB,437,11762,C25,POPC,MEMB,91,lipid,0
4.9175,256,HA,438,11830,C312,POPC,MEMB,91,lipid,0
4.91847,256,HA,438,341,N,GLY,PROA,444,protein,0
4.91874,245,HG12,437,13118,C211,POPC,MEMB,102,lipid,0
4.91936,249,HG22,437,12641,H14X,POPC,MEMB,98,lipid,0
4.92001,246,HG13,437,13150,H5X,POPC,MEMB,102,lipid,0
4.9216,263,CG2,438,385,HB2,LEU,PROA,447,protein,0
4.92226,265,HG22,438,325,N,VAL,PROA,443,protein,0
4.92271,267,C,438,11769,H7R,POPC,MEMB,91,lipid,0
4.92309,242,HB,437,12648,H16Y,POPC,MEMB,98,lipid,0
4.92437,263,CG2,438,394,HD22,LEU,PROA,447,protein,0
4.92721,245,HG12,437,13121,C212,POPC,MEMB,102,lipid,0
4.92807,257,CB,438,11840,H15X,POPC,MEMB,91,lipid,0
4.92832,238,HN,437,12636,H12Y,POPC,MEMB,98,lipid,0
4.92989,253,N,438,302,CB,SER,PROA,441,protein,0
4.93129,239,CA,437,269,N,ILE,PROA,439,protein,0
4.93135,265,HG22,438,958,HG21,VAL,PROB,436,protein,0
4.93144,245,HG12,437,307,C,SER,PROA,441,protein,0
4.93146,262,HG13,438,387,HG,LEU,PROA,447,protein,0
4.93267,246,HG13,437,382,HA,LEU,PROA,447,protein,0
4.93369,242,HB,437,224,HA,VAL,PROA,436,protein,0
4.93421,253,N,438,381,CA,LEU,PROA,447,protein,0
4.93441,251,C,437,295,HB3,ALA,PROA,440,protein,0
4.93535,261,HG12,438,269,N,ILE,PROA,439,protein,0
4.93541,263,CG2,438,12307,C28,POPC,MEMB,96,lipid,0
4.93636,258,HB,438,36291,H2,TIP3,TIP3,5558,water/ion,0
4.93728,255,CA,438,310,HN,VAL,PROA,442,protein,0
4.9374,268,O,438,393,HD21,LEU,PROA,447,protein,0
4.93818,267,C,438,11765,C26,POPC,MEMB,91,lipid,0
4.93897,251,C,437,11775,H91,POPC,MEMB,91,lipid,0
4.93925,240,HA,437,285,HD3,ILE,PROA,439,protein,0
4.9397,246,HG13,437,372,CB,CYS,PROA,446,protein,0
4.93972,259,CG1,438,11839,C315,POPC,MEMB,91,lipid,0
4.94054,257,CB,438,11766,H6R,POPC,MEMB,91,lipid,0
4.94078,257,CB,438,394,HD22,LEU,PROA,447,protein,0
4.94295,255,CA,438,336,HG21,VAL,PROA,443,protein,0
4.94314,244,HG11,437,377,C,CYS,PROA,446,protein,0
4.9435,254,HN,438,11770,H7S,POPC,MEMB,91,lipid,0
4.94387,247,CG2,437,12638,H13X,POPC,MEMB,98,lipid,0
4.94388,249,HG22,437,301,HA,SER,PROA,441,protein,0
4.94467,239,CA,437,221,N,VAL,PROA,436,protein,0
4.94522,263,CG2,438,12308,H8R,POPC,MEMB,96,lipid,0
4.94548,268,O,438,12320,C213,POPC,MEMB,96,lipid,0
4.94562,237,N,437,27809,H1,TIP3,TIP3,2731,water/ion,0
4.94618,240,HA,437,13126,H13S,POPC,MEMB,102,lipid,0
4.94752,239,CA,437,11775,H91,POPC,MEMB,91,lipid,0
4.94769,253,N,438,315,CG1,VAL,PROA,442,protein,0
4.94818,245,HG12,437,11771,C28,POPC,MEMB,91,lipid,0
4.94865,254,HN,438,317,HG12,VAL,PROA,442,protein,0
4.94884,262,HG13,438,974,HG21,VAL,PROB,437,protein,0
4.94907,254,HN,438,301,HA,SER,PROA,441,protein,0
4.95207,247,CG2,437,11766,H6R,POPC,MEMB,91,lipid,0
4.9543,239,CA,437,27810,H2,TIP3,TIP3,2731,water/ion,0
4.95478,245,HG12,437,12644,H15X,POPC,MEMB,98,lipid,0
4.95584,266,HG23,438,329,CB,VAL,PROA,443,protein,0
4.95749,241,CB,437,11773,H8S,POPC,MEMB,91,lipid,0
4.9588,240,HA,437,385,HB2,LEU,PROA,447,protein,0
4.95924,247,CG2,437,12637,C313,POPC,MEMB,98,lipid,0
4.96245,264,HG21,438,36290,H1,TIP3,TIP3,5558,water/ion,0
4.96364,255,CA,438,11839,C315,POPC,MEMB,91,lipid,0
4.96371,246,HG13,437,12647,H16X,POPC,MEMB,98,lipid,0
4.96422,248,HG21,437,12634,C312,POPC,MEMB,98,lipid,0
4.96453,262,HG13,438,1022,C,ALA,PROB,440,protein,0
4.96743,256,HA,438,271,CA,ILE,PROA,439,protein,0
4.96951,243,CG1,437,12647,H16X,POPC,MEMB,98,lipid,0
4.96981,244,HG11,437,12645,H15Y,POPC,MEMB,98,lipid,0
4.97011,256,HA,438,11780,H11S,POPC,MEMB,91,lipid,0
4.97019,241,CB,437,12648,H16Y,POPC,MEMB,98,lipid,0
4.9709,238,HN,437,11759,C24,POPC,MEMB,91,lipid,0
4.97097,253,N,438,296,C,ALA,PROA,440,protein,0
4.97161,241,CB,437,26657,H1,TIP3,TIP3,2347,water/ion,0
4.97195,243,CG1,437,13155,C37,POPC,MEMB,102,lipid,0
4.97234,255,CA,438,11771,C28,POPC,MEMB,91,lipid,0
4.97251,263,CG2,438,36289,OH2,TIP3,TIP3,5558,water/ion,0
4.97274,239,CA,437,301,HA,SER,PROA,441,protein,0
4.97307,243,CG1,437,13126,H13S,POPC,MEMB,102,lipid,0
4.9733,245,HG12,437,11766,H6R,POPC,MEMB,91,lipid,0
4.97331,260,HG11,438,11828,H11X,POPC,MEMB,91,lipid,0
4.97415,238,HN,437,12645,H15Y,POPC,MEMB,98,lipid,0
4.97544,265,HG22,438,1020,HB2,ALA,PROB,440,protein,0
4.97652,239,CA,437,312,HA,VAL,PROA,442,protein,0
4.97734,245,HG12,437,297,O,ALA,PROA,440,protein,0
4.97806,244,HG11,437,12641,H14X,POPC,MEMB,98,lipid,0
4.97843,241,CB,437,271,CA,ILE,PROA,439,protein,0
4.97851,249,HG22,437,11762,C25,POPC,MEMB,91,lipid,0
4.97876,245,HG12,437,12632,H11X,POPC,MEMB,98,lipid,0
4.97883,260,HG11,438,325,N,VAL,PROA,443,protein,0
4.97894,249,HG22,437,289,HN,ALA,PROA,440,protein,0
4.97988,265,HG22,438,394,HD22,LEU,PROA,447,protein,0
4.98005,267,C,438,273,CB,ILE,PROA,439,protein,0
4.98084,264,HG21,438,1027,HA,SER,PROB,441,protein,0
4.98233,250,HG23,437,13119,H11R,POPC,MEMB,102,lipid,0
4.98266,255,CA,438,11761,H4S,POPC,MEMB,91,lipid,0
4.98328,260,HG11,438,12315,H11R,POPC,MEMB,96,lipid,0
4.98397,257,CB,438,973,CG2,VAL,PROB,437,protein,0
4.98498,238,HN,437,395,HD23,LEU,PROA,447,protein,0
4.98715,266,HG23,438,36289,OH2,TIP3,TIP3,5558,water/ion,0
4.98812,256,HA,438,11836,C314,POPC,MEMB,91,lipid,0
4.98833,264,HG21,438,979,N,VAL,PROB,438,protein,0
4.98866,263,CG2,438,977,C,VAL,PROB,437,protein,0
4.99079,243,CG1,437,11762,C25,POPC,MEMB,91,lipid,0
4.99084,244,HG11,437,12632,H11X,POPC,MEMB,98,lipid,0
4.99292,267,C,438,11783,H12S,POPC,MEMB,91,lipid,0
4.99358,255,CA,438,332,HG11,VAL,PROA,443,protein,0
4.99396,263,CG2,438,311,CA,VAL,PROA,442,protein,0
4.99447,237,N,437,11757,H3R,POPC,MEMB,91,lipid,0
4.99451,260,HG11,438,11780,H11S,POPC,MEMB,91,lipid,0
4.99453,261,HG12,438,330,HB,VAL,PROA,443,protein,0
4.99593,257,CB,438,36289,OH2,TIP3,TIP3,5558,water/ion,0
4.99613,240,HA,437,13146,C34,POPC,MEMB,102,lipid,0
4.9971,251,C,437,13118,C211,POPC,MEMB,102,lipid,0
4.99719,256,HA,438,395,HD23,LEU,PROA,447,protein,0
4.99743,252,O,437,291,HA,ALA,PROA,440,protein,0
4.99789,251,C,437,313,CB,VAL,PROA,442,protein,0
4.99803,254,HN,438,308,O,SER,PROA,441,protein,0
4.99805,252,O,437,11828,H11X,POPC,MEMB,91,lipid,0
4.99836,265,HG22,438,318,HG13,VAL,PROA,442,protein,0
4.99902,266,HG23,438,11761,H4S,POPC,MEMB,91,lipid,0
4.99926,238,HN,437,11756,C23,POPC,MEMB,91,lipid,0
