source,cutoff_class,distance_A,atom_pair_class,other_category,is_MEMB_94_POPC,involves_LIG_H9_or_H11,ligand_index,ligand_serial,ligand_atom_name,ligand_element,ligand_resname,ligand_segid,ligand_resid,other_index,other_serial,other_atom_name,other_element,other_resname,other_segid,other_resid
bound_initial,severe_lt_1.0A,0.2710,heavy-heavy,lipid,1,0,52363,52364,C7,C,L002,LIG,1,12223,12224,C39,C,POPC,MEMB,94
bound_initial,severe_lt_1.0A,0.4632,H-H,cholesterol,0,0,52401,52402,H24,H,L002,LIG,1,11469,11470,H21B,H,CHL1,MEMB,87
bound_initial,severe_lt_1.0A,0.5338,H-H,lipid,1,0,52396,52397,H19,H,L002,LIG,1,12234,12235,H12Y,H,POPC,MEMB,94
bound_initial,severe_lt_1.0A,0.5808,H-heavy,cholesterol,0,0,52402,52403,H25,H,L002,LIG,1,11467,11468,C21,C,CHL1,MEMB,87
bound_initial,severe_lt_1.0A,0.6101,heavy-H,lipid,1,0,52365,52366,C8,C,L002,LIG,1,12231,12232,H11Y,H,POPC,MEMB,94
bound_initial,severe_lt_1.0A,0.6255,heavy-heavy,lipid,1,0,52358,52359,C2,C,L002,LIG,1,12208,12209,C34,C,POPC,MEMB,94
bound_initial,severe_lt_1.0A,0.6396,H-heavy,lipid,1,0,52384,52385,H7,H,L002,LIG,1,12220,12221,C38,C,POPC,MEMB,94
bound_initial,severe_lt_1.0A,0.6678,heavy-H,lipid,1,0,52377,52378,C19,C,L002,LIG,1,12215,12216,H6X,H,POPC,MEMB,94
bound_initial,severe_lt_1.0A,0.6832,heavy-H,lipid,1,0,52358,52359,C2,C,L002,LIG,1,12210,12211,H4Y,H,POPC,MEMB,94
bound_initial,severe_lt_1.0A,0.7363,heavy-heavy,lipid,1,0,52365,52366,C8,C,L002,LIG,1,12229,12230,C311,C,POPC,MEMB,94
bound_initial,severe_lt_1.0A,0.7541,heavy-H,lipid,1,0,52369,52370,C12,C,L002,LIG,1,12225,12226,H9Y,H,POPC,MEMB,94
bound_initial,severe_lt_1.0A,0.7912,heavy-heavy,lipid,1,0,52362,52363,C6,C,L002,LIG,1,12217,12218,C37,C,POPC,MEMB,94
bound_initial,severe_lt_1.0A,0.8022,heavy-H,lipid,1,0,52361,52362,C5,C,L002,LIG,1,12219,12220,H7Y,H,POPC,MEMB,94
bound_initial,severe_lt_1.0A,0.8123,H-heavy,lipid,1,0,52403,52404,H26,H,L002,LIG,1,12214,12215,C36,C,POPC,MEMB,94
bound_initial,severe_lt_1.0A,0.8447,heavy-H,cholesterol,0,0,52372,52373,C15,C,L002,LIG,1,11468,11469,H21A,H,CHL1,MEMB,87
bound_initial,severe_lt_1.0A,0.8483,H-heavy,lipid,1,0,52403,52404,H26,H,L002,LIG,1,12211,12212,C35,C,POPC,MEMB,94
bound_initial,severe_lt_1.0A,0.8605,H-heavy,lipid,1,1,52386,52387,H9,H,L002,LIG,1,12232,12233,C312,C,POPC,MEMB,94
bound_initial,severe_lt_1.0A,0.8673,H-H,cholesterol,0,0,52393,52394,H16,H,L002,LIG,1,11468,11469,H21A,H,CHL1,MEMB,87
bound_initial,severe_lt_1.0A,0.8735,heavy-heavy,lipid,1,0,52362,52363,C6,C,L002,LIG,1,12220,12221,C38,C,POPC,MEMB,94
bound_initial,severe_lt_1.0A,0.9148,heavy-heavy,lipid,1,0,52359,52360,C3,C,L002,LIG,1,12214,12215,C36,C,POPC,MEMB,94
bound_initial,severe_lt_1.0A,0.9309,H-H,lipid,1,0,52391,52392,H14,H,L002,LIG,1,12230,12231,H11X,H,POPC,MEMB,94
bound_initial,severe_lt_1.0A,0.9551,heavy-heavy,lipid,1,0,52377,52378,C19,C,L002,LIG,1,12214,12215,C36,C,POPC,MEMB,94
bound_initial,severe_lt_1.0A,0.9622,H-H,lipid,1,0,52404,52405,H27,H,L002,LIG,1,12213,12214,H5Y,H,POPC,MEMB,94
bound_initial,severe_lt_1.0A,0.9719,heavy-heavy,lipid,1,0,52361,52362,C5,C,L002,LIG,1,12217,12218,C37,C,POPC,MEMB,94
bound_initial,severe_lt_1.0A,0.9830,heavy-H,lipid,1,0,52361,52362,C5,C,L002,LIG,1,12218,12219,H7X,H,POPC,MEMB,94
bound_initial,severe_lt_1.0A,0.9910,heavy-heavy,lipid,1,0,52364,52365,N,N,L002,LIG,1,12226,12227,C310,C,POPC,MEMB,94
bound_initial,severe_lt_1.0A,0.9918,H-H,cholesterol,0,0,52395,52396,H18,H,L002,LIG,1,11472,11473,H22A,H,CHL1,MEMB,87
bound_initial,close_1.0_to_1.5A,1.0041,heavy-heavy,lipid,1,0,52359,52360,C3,C,L002,LIG,1,12211,12212,C35,C,POPC,MEMB,94
bound_initial,close_1.0_to_1.5A,1.0117,H-H,protein,0,0,52379,52380,H2,H,L002,LIG,1,294,295,HB2,H,ALA,PROA,440
bound_initial,close_1.0_to_1.5A,1.0312,heavy-H,lipid,1,0,52363,52364,C7,C,L002,LIG,1,12225,12226,H9Y,H,POPC,MEMB,94
bound_initial,close_1.0_to_1.5A,1.0611,H-heavy,lipid,1,0,52404,52405,H27,H,L002,LIG,1,12211,12212,C35,C,POPC,MEMB,94
bound_initial,close_1.0_to_1.5A,1.0620,H-heavy,lipid,1,0,52384,52385,H7,H,L002,LIG,1,12223,12224,C39,C,POPC,MEMB,94
bound_initial,close_1.0_to_1.5A,1.0756,H-H,cholesterol,0,0,52400,52401,H23,H,L002,LIG,1,11470,11471,H21C,H,CHL1,MEMB,87
bound_initial,close_1.0_to_1.5A,1.0792,heavy-H,lipid,1,0,52364,52365,N,N,L002,LIG,1,12228,12229,H10Y,H,POPC,MEMB,94
bound_initial,close_1.0_to_1.5A,1.0937,H-H,lipid,1,0,52382,52383,H5,H,L002,LIG,1,12213,12214,H5Y,H,POPC,MEMB,94
bound_initial,close_1.0_to_1.5A,1.1039,H-H,lipid,1,0,52398,52399,H21,H,L002,LIG,1,12225,12226,H9Y,H,POPC,MEMB,94
bound_initial,close_1.0_to_1.5A,1.1326,H-H,lipid,1,1,52386,52387,H9,H,L002,LIG,1,12234,12235,H12Y,H,POPC,MEMB,94
bound_initial,close_1.0_to_1.5A,1.1338,H-heavy,lipid,1,1,52386,52387,H9,H,L002,LIG,1,12229,12230,C311,C,POPC,MEMB,94
bound_initial,close_1.0_to_1.5A,1.1342,heavy-H,lipid,1,0,52366,52367,C9,C,L002,LIG,1,12231,12232,H11Y,H,POPC,MEMB,94
bound_initial,close_1.0_to_1.5A,1.1378,heavy-H,lipid,1,0,52359,52360,C3,C,L002,LIG,1,12215,12216,H6X,H,POPC,MEMB,94
bound_initial,close_1.0_to_1.5A,1.1438,heavy-H,lipid,1,0,52360,52361,C4,C,L002,LIG,1,12213,12214,H5Y,H,POPC,MEMB,94
bound_initial,close_1.0_to_1.5A,1.1440,H-H,lipid,1,0,52383,52384,H6,H,L002,LIG,1,12219,12220,H7Y,H,POPC,MEMB,94
bound_initial,close_1.0_to_1.5A,1.1496,H-heavy,lipid,1,0,52383,52384,H6,H,L002,LIG,1,12217,12218,C37,C,POPC,MEMB,94
bound_initial,close_1.0_to_1.5A,1.1499,H-heavy,cholesterol,0,0,52402,52403,H25,H,L002,LIG,1,11465,11466,C20,C,CHL1,MEMB,87
bound_initial,close_1.0_to_1.5A,1.1656,heavy-H,cholesterol,0,0,52371,52372,C14,C,L002,LIG,1,11468,11469,H21A,H,CHL1,MEMB,87
bound_initial,close_1.0_to_1.5A,1.1983,H-H,lipid,1,0,52384,52385,H7,H,L002,LIG,1,12222,12223,H8Y,H,POPC,MEMB,94
bound_initial,close_1.0_to_1.5A,1.1985,H-heavy,cholesterol,0,0,52401,52402,H24,H,L002,LIG,1,11467,11468,C21,C,CHL1,MEMB,87
bound_initial,close_1.0_to_1.5A,1.2004,heavy-heavy,lipid,1,0,52376,52377,C18,C,L002,LIG,1,12220,12221,C38,C,POPC,MEMB,94
bound_initial,close_1.0_to_1.5A,1.2094,H-H,lipid,1,0,52385,52386,H8,H,L002,LIG,1,12224,12225,H9X,H,POPC,MEMB,94
bound_initial,close_1.0_to_1.5A,1.2152,H-heavy,lipid,1,0,52383,52384,H6,H,L002,LIG,1,12220,12221,C38,C,POPC,MEMB,94
bound_initial,close_1.0_to_1.5A,1.2239,H-H,cholesterol,0,0,52402,52403,H25,H,L002,LIG,1,11470,11471,H21C,H,CHL1,MEMB,87
bound_initial,close_1.0_to_1.5A,1.2324,heavy-H,lipid,1,0,52368,52369,C11,C,L002,LIG,1,12230,12231,H11X,H,POPC,MEMB,94
bound_initial,close_1.0_to_1.5A,1.2387,H-heavy,lipid,1,0,52404,52405,H27,H,L002,LIG,1,12208,12209,C34,C,POPC,MEMB,94
bound_initial,close_1.0_to_1.5A,1.2455,heavy-H,lipid,1,0,52368,52369,C11,C,L002,LIG,1,12231,12232,H11Y,H,POPC,MEMB,94
bound_initial,close_1.0_to_1.5A,1.2565,H-H,cholesterol,0,0,52390,52391,H13,H,L002,LIG,1,2481,2482,H26A,H,CHL1,MEMB,14
bound_initial,close_1.0_to_1.5A,1.2609,H-H,cholesterol,0,0,52397,52398,H20,H,L002,LIG,1,11472,11473,H22A,H,CHL1,MEMB,87
bound_initial,close_1.0_to_1.5A,1.2977,heavy-H,lipid,1,0,52376,52377,C18,C,L002,LIG,1,12222,12223,H8Y,H,POPC,MEMB,94
bound_initial,close_1.0_to_1.5A,1.3069,heavy-H,lipid,1,0,52377,52378,C19,C,L002,LIG,1,12216,12217,H6Y,H,POPC,MEMB,94
bound_initial,close_1.0_to_1.5A,1.3094,heavy-heavy,lipid,1,0,52364,52365,N,N,L002,LIG,1,12223,12224,C39,C,POPC,MEMB,94
bound_initial,close_1.0_to_1.5A,1.3211,H-H,cholesterol,0,0,52402,52403,H25,H,L002,LIG,1,11468,11469,H21A,H,CHL1,MEMB,87
bound_initial,close_1.0_to_1.5A,1.3322,heavy-heavy,lipid,1,0,52360,52361,C4,C,L002,LIG,1,12211,12212,C35,C,POPC,MEMB,94
bound_initial,close_1.0_to_1.5A,1.3389,H-H,lipid,1,0,52403,52404,H26,H,L002,LIG,1,12216,12217,H6Y,H,POPC,MEMB,94
bound_initial,close_1.0_to_1.5A,1.3530,heavy-H,lipid,1,0,52374,52375,C17,C,L002,LIG,1,12224,12225,H9X,H,POPC,MEMB,94
bound_initial,close_1.0_to_1.5A,1.3675,heavy-H,lipid,1,0,52363,52364,C7,C,L002,LIG,1,12224,12225,H9X,H,POPC,MEMB,94
bound_initial,close_1.0_to_1.5A,1.3905,H-H,lipid,1,0,52383,52384,H6,H,L002,LIG,1,12221,12222,H8X,H,POPC,MEMB,94
bound_initial,close_1.0_to_1.5A,1.3950,H-H,lipid,1,0,52403,52404,H26,H,L002,LIG,1,12212,12213,H5X,H,POPC,MEMB,94
bound_initial,close_1.0_to_1.5A,1.3967,heavy-H,lipid,1,0,52364,52365,N,N,L002,LIG,1,12224,12225,H9X,H,POPC,MEMB,94
bound_initial,close_1.0_to_1.5A,1.3983,heavy-heavy,lipid,1,0,52363,52364,C7,C,L002,LIG,1,12220,12221,C38,C,POPC,MEMB,94
bound_initial,close_1.0_to_1.5A,1.4079,heavy-H,lipid,1,0,52358,52359,C2,C,L002,LIG,1,12209,12210,H4X,H,POPC,MEMB,94
bound_initial,close_1.0_to_1.5A,1.4272,heavy-H,lipid,1,0,52362,52363,C6,C,L002,LIG,1,12218,12219,H7X,H,POPC,MEMB,94
bound_initial,close_1.0_to_1.5A,1.4391,heavy-heavy,lipid,1,0,52376,52377,C18,C,L002,LIG,1,12217,12218,C37,C,POPC,MEMB,94
bound_initial,close_1.0_to_1.5A,1.4428,H-H,lipid,1,0,52384,52385,H7,H,L002,LIG,1,12221,12222,H8X,H,POPC,MEMB,94
bound_initial,close_1.0_to_1.5A,1.4464,heavy-H,lipid,1,0,52362,52363,C6,C,L002,LIG,1,12219,12220,H7Y,H,POPC,MEMB,94
bound_initial,close_1.0_to_1.5A,1.4509,H-H,lipid,1,0,52394,52395,H17,H,L002,LIG,1,12224,12225,H9X,H,POPC,MEMB,94
bound_initial,close_1.0_to_1.5A,1.4645,H-H,cholesterol,0,0,52400,52401,H23,H,L002,LIG,1,11468,11469,H21A,H,CHL1,MEMB,87
bound_initial,close_1.0_to_1.5A,1.4657,heavy-heavy,cholesterol,0,0,52371,52372,C14,C,L002,LIG,1,11467,11468,C21,C,CHL1,MEMB,87
bound_initial,close_1.0_to_1.5A,1.4722,heavy-heavy,lipid,1,0,52368,52369,C11,C,L002,LIG,1,12229,12230,C311,C,POPC,MEMB,94
bound_initial,close_1.0_to_1.5A,1.4724,heavy-H,cholesterol,0,0,52373,52374,C16,C,L002,LIG,1,11468,11469,H21A,H,CHL1,MEMB,87
bound_initial,close_1.0_to_1.5A,1.4731,H-H,lipid,1,0,52399,52400,H22,H,L002,LIG,1,12225,12226,H9Y,H,POPC,MEMB,94
bound_initial,close_1.0_to_1.5A,1.4842,H-H,lipid,1,0,52404,52405,H27,H,L002,LIG,1,12210,12211,H4Y,H,POPC,MEMB,94
bound_initial,close_1.0_to_1.5A,1.4912,H-heavy,cholesterol,0,0,52400,52401,H23,H,L002,LIG,1,11467,11468,C21,C,CHL1,MEMB,87
previous_minimized,close_1.0_to_1.5A,1.3742,H-H,protein,0,0,52379,52380,H2,H,L002,LIG,1,230,231,HG13,H,VAL,PROA,436
