chain_index,resSeq,residue_name,residue_index,n_atoms
0,1,MET,0,19
0,2,THR,1,14
0,3,ASP,2,12
0,4,LYS,3,22
0,5,THR,4,14
0,6,GLY,5,7
0,7,ARG,6,24
0,8,GLU,7,15
0,9,HIS,8,17
0,10,LEU,9,19
0,11,SER,10,11
0,12,VAL,11,16
0,13,TYR,12,21
0,14,ALA,13,10
0,15,VAL,14,16
0,16,VAL,15,16
0,17,VAL,16,16
0,18,ILE,17,19
0,19,ALA,18,10
0,20,SER,19,11
0,21,VAL,20,16
0,22,VAL,21,16
0,23,GLY,22,7
0,24,PHE,23,20
0,25,CYS,24,11
0,26,LEU,25,19
0,27,LEU,26,19
0,28,VAL,27,16
0,29,MET,28,17
0,30,LEU,29,19
0,31,PHE,30,20
0,32,LEU,31,19
0,33,LEU,32,19
0,34,LYS,33,22
0,35,LEU,34,19
0,36,ALA,35,10
0,37,ARG,36,24
0,38,HIS,37,17
0,39,SER,38,11
0,40,LYS,39,22
0,41,PHE,40,20
0,42,GLY,41,7
0,43,MET,42,17
0,44,LYS,43,22
0,45,GLY,44,8
1,1,MET,45,19
1,2,THR,46,14
1,3,ASP,47,12
1,4,LYS,48,22
1,5,THR,49,14
1,6,GLY,50,7
1,7,ARG,51,24
1,8,GLU,52,15
1,9,HIS,53,17
1,10,LEU,54,19
1,11,SER,55,11
1,12,VAL,56,16
1,13,TYR,57,21
1,14,ALA,58,10
1,15,VAL,59,16
1,16,VAL,60,16
1,17,VAL,61,16
1,18,ILE,62,19
1,19,ALA,63,10
1,20,SER,64,11
1,21,VAL,65,16
1,22,VAL,66,16
1,23,GLY,67,7
1,24,PHE,68,20
1,25,CYS,69,11
1,26,LEU,70,19
1,27,LEU,71,19
1,28,VAL,72,16
1,29,MET,73,17
1,30,LEU,74,19
1,31,PHE,75,20
1,32,LEU,76,19
1,33,LEU,77,19
1,34,LYS,78,22
1,35,LEU,79,19
1,36,ALA,80,10
1,37,ARG,81,24
1,38,HIS,82,17
1,39,SER,83,11
1,40,LYS,84,22
1,41,PHE,85,20
1,42,GLY,86,7
1,43,MET,87,17
1,44,LYS,88,22
1,45,GLY,89,8
