ligand_id,rank,final_score_100,best_system,mode_20chol,mode_40chol,sdf_found,pdbqt_found,best_pose_20chol_pdb_found,best_pose_40chol_pdb_found,required_cgenff_mol2,required_cgenff_str,parameter_status,notes,resname,mol2_ready,mol2_path,str_ready,str_path,cgenff_penalty_checked,param_penalty,charge_penalty,max_penalty,penalty_level,needs_manual_review
8.1,1,95.75,20chol,4,1,1,1,1,1,8.1.mol2,8.1.str,cgenff_needs_review,Awaiting CGenFF/CHARMM-compatible ligand parameters.,L001,1,C:\TRKB_WP2\ligand_bound_MD\cgenff_parameterization\upload_mol2\L001_8.1.mol2,1,C:\TRKB_WP2\ligand_bound_MD\cgenff_parameterization\returned_str\L001_8.1.str,1,54.8,22.945,54.8,high,1
14.2,2,95.00,20chol,2,3,1,1,1,1,14.2.mol2,14.2.str,cgenff_ready_prelim,Awaiting CGenFF/CHARMM-compatible ligand parameters.,L002,1,C:\TRKB_WP2\ligand_bound_MD\cgenff_parameterization\upload_mol2\L002_14.2.mol2,1,C:\TRKB_WP2\ligand_bound_MD\cgenff_parameterization\returned_str\L002_14.2.str,1,19.5,22.916,22.916,moderate,0
19.1,3,93.55,20chol,5,8,1,1,1,1,19.1.mol2,19.1.str,cgenff_ready_prelim,Awaiting CGenFF/CHARMM-compatible ligand parameters.,L003,1,C:\TRKB_WP2\ligand_bound_MD\cgenff_parameterization\upload_mol2\L003_19.1.mol2,1,C:\TRKB_WP2\ligand_bound_MD\cgenff_parameterization\returned_str\L003_19.1.str,1,19.5,23.991,23.991,moderate,0
9.2,4,93.54,20chol,3,2,1,1,1,1,9.2.mol2,9.2.str,cgenff_ready_prelim,Awaiting CGenFF/CHARMM-compatible ligand parameters.,L004,1,C:\TRKB_WP2\ligand_bound_MD\cgenff_parameterization\upload_mol2\L004_9.2.mol2,1,C:\TRKB_WP2\ligand_bound_MD\cgenff_parameterization\returned_str\L004_9.2.str,1,11.6,21.149,21.149,moderate,0
12.2,5,92.90,20chol,1,3,1,1,1,1,12.2.mol2,12.2.str,cgenff_needs_review,Awaiting CGenFF/CHARMM-compatible ligand parameters.,L005,1,C:\TRKB_WP2\ligand_bound_MD\cgenff_parameterization\upload_mol2\L005_12.2.mol2,1,C:\TRKB_WP2\ligand_bound_MD\cgenff_parameterization\returned_str\L005_12.2.str,1,54.8,24.018,54.8,high,1
2.3,6,92.69,20chol,1,2,1,1,1,1,2.3.mol2,2.3.str,cgenff_ready_prelim,Awaiting CGenFF/CHARMM-compatible ligand parameters.,L006,1,C:\TRKB_WP2\ligand_bound_MD\cgenff_parameterization\upload_mol2\L006_2.3.mol2,1,C:\TRKB_WP2\ligand_bound_MD\cgenff_parameterization\returned_str\L006_2.3.str,1,11,19.747,19.747,moderate,0
4.3,7,92.50,40chol,7,2,1,1,1,1,4.3.mol2,4.3.str,cgenff_needs_review,Awaiting CGenFF/CHARMM-compatible ligand parameters.,L007,1,C:\TRKB_WP2\ligand_bound_MD\cgenff_parameterization\upload_mol2\L007_4.3.mol2,1,C:\TRKB_WP2\ligand_bound_MD\cgenff_parameterization\returned_str\L007_4.3.str,1,54.8,31.016,54.8,high,1
6.2,8,92.25,20chol,6,4,1,1,1,1,6.2.mol2,6.2.str,cgenff_ready_prelim,Awaiting CGenFF/CHARMM-compatible ligand parameters.,L008,1,C:\TRKB_WP2\ligand_bound_MD\cgenff_parameterization\upload_mol2\L008_6.2.mol2,1,C:\TRKB_WP2\ligand_bound_MD\cgenff_parameterization\returned_str\L008_6.2.str,1,21,24.632,24.632,moderate,0
8.3,9,92.19,20chol,2,5,1,1,1,1,8.3.mol2,8.3.str,cgenff_needs_review,Awaiting CGenFF/CHARMM-compatible ligand parameters.,L009,1,C:\TRKB_WP2\ligand_bound_MD\cgenff_parameterization\upload_mol2\L009_8.3.mol2,1,C:\TRKB_WP2\ligand_bound_MD\cgenff_parameterization\returned_str\L009_8.3.str,1,54.8,22.945,54.8,high,1
17.2,10,91.03,40chol,10,2,1,1,1,1,17.2.mol2,17.2.str,cgenff_ready_prelim,Awaiting CGenFF/CHARMM-compatible ligand parameters.,L010,1,C:\TRKB_WP2\ligand_bound_MD\cgenff_parameterization\upload_mol2\L010_17.2.mol2,1,C:\TRKB_WP2\ligand_bound_MD\cgenff_parameterization\returned_str\L010_17.2.str,1,20.6,28.851,28.851,moderate,0
