contact_type,distance_A,category,ligand_serial,ligand_atom_name,ligand_resname,ligand_segid,ligand_resid,other_serial,other_atom_name,other_resname,other_segid,other_resid,other_element
severe_clash,0.271,lipid,52364,C7,L002,LIG,1,12224,C39,POPC,MEMB,94,C
severe_clash,0.625,lipid,52359,C2,L002,LIG,1,12209,C34,POPC,MEMB,94,C
severe_clash,0.736,lipid,52366,C8,L002,LIG,1,12230,C311,POPC,MEMB,94,C
severe_clash,0.791,lipid,52363,C6,L002,LIG,1,12218,C37,POPC,MEMB,94,C
severe_clash,0.873,lipid,52363,C6,L002,LIG,1,12221,C38,POPC,MEMB,94,C
severe_clash,0.915,lipid,52360,C3,L002,LIG,1,12215,C36,POPC,MEMB,94,C
severe_clash,0.955,lipid,52378,C19,L002,LIG,1,12215,C36,POPC,MEMB,94,C
severe_clash,0.972,lipid,52362,C5,L002,LIG,1,12218,C37,POPC,MEMB,94,C
severe_clash,0.991,lipid,52365,N,L002,LIG,1,12227,C310,POPC,MEMB,94,C
close_contact,1.004,lipid,52360,C3,L002,LIG,1,12212,C35,POPC,MEMB,94,C
close_contact,1.200,lipid,52377,C18,L002,LIG,1,12221,C38,POPC,MEMB,94,C
close_contact,1.309,lipid,52365,N,L002,LIG,1,12224,C39,POPC,MEMB,94,C
close_contact,1.332,lipid,52361,C4,L002,LIG,1,12212,C35,POPC,MEMB,94,C
close_contact,1.398,lipid,52364,C7,L002,LIG,1,12221,C38,POPC,MEMB,94,C
close_contact,1.439,lipid,52377,C18,L002,LIG,1,12218,C37,POPC,MEMB,94,C
close_contact,1.466,cholesterol,52372,C14,L002,LIG,1,11468,C21,CHL1,MEMB,87,C
close_contact,1.472,lipid,52369,C11,L002,LIG,1,12230,C311,POPC,MEMB,94,C
