contact_type,distance_A,apo_category,ligand_serial,ligand_atom,ligand_resname,ligand_chain,ligand_resid,apo_serial,apo_atom,apo_resname,apo_chain,apo_resid,apo_element
severe_clash,0.271,lipid,7,C,L002,Z,1,12226,C39,POP,C,94,C
severe_clash,0.625,lipid,2,C,L002,Z,1,12211,C34,POP,C,94,C
severe_clash,0.736,lipid,9,C,L002,Z,1,12232,C311,POP,C,94,C
severe_clash,0.791,lipid,6,C,L002,Z,1,12220,C37,POP,C,94,C
severe_clash,0.873,lipid,6,C,L002,Z,1,12223,C38,POP,C,94,C
severe_clash,0.915,lipid,3,C,L002,Z,1,12217,C36,POP,C,94,C
severe_clash,0.955,lipid,21,C,L002,Z,1,12217,C36,POP,C,94,C
severe_clash,0.972,lipid,5,C,L002,Z,1,12220,C37,POP,C,94,C
severe_clash,0.991,lipid,8,N,L002,Z,1,12229,C310,POP,C,94,C
close_contact,1.004,lipid,3,C,L002,Z,1,12214,C35,POP,C,94,C
close_contact,1.200,lipid,20,C,L002,Z,1,12223,C38,POP,C,94,C
close_contact,1.309,lipid,8,N,L002,Z,1,12226,C39,POP,C,94,C
close_contact,1.332,lipid,4,C,L002,Z,1,12214,C35,POP,C,94,C
close_contact,1.398,lipid,7,C,L002,Z,1,12223,C38,POP,C,94,C
close_contact,1.439,lipid,20,C,L002,Z,1,12220,C37,POP,C,94,C
close_contact,1.466,cholesterol,15,C,L002,Z,1,11470,C21,CHL,C,87,C
close_contact,1.472,lipid,12,C,L002,Z,1,12232,C311,POP,C,94,C
